#SampleID	Smpl_no	BarcodeSequence	LinkerPrimerSequence	BodySite	Run_index	Date of Sampling	Sample Name	Description	Description 2	Fermenter	SeqRun	BS	rstc_run	Day	Day_hour	Treatment	Source	Day_num	Src_rstcRun	BS_Day	BS_Dh	BS_Trt	BS_Src	BS_Day_Trt	BS_Day_Src	BS_Dh_Trt	BS_Dh_Src	BS_Trt_Src	BS_Day_Trt_Src	BS_Dh_Trt_Src	NewID
B1007	2019-14-1007	ACTTAC	CAAGRGTTHGATYMTGGCTCAG	Feed residue	r1_i12	9/3/2019	Feed residue d13 (24h) Trt1-Run1-HP1	Feed residue at day 13 from 24h bag	Treatment 1 Run 1 Heat pump 1	e	SeqRun_1	FR	rstc_Run1	d13	d13h24	Trt1	HP1	13	HP1_rstc_Run1	FR_d13	FR_d13h24	FR_Trt1	FR_HP1	FR_d13_Trt1	FR_d13_HP1	FR_d13h24_Trt1	FR_d13h24_HP1	FR_Trt1_HP1	FR_d13_Trt1_HP1	FR_d13h24_Trt1_HP1	AB1007
B1008	2019-14-1008	AGAAGC	CAAGRGTTHGATYMTGGCTCAG	Feed residue	r1_i12	9/3/2019	Feed residue d13 (48h) Trt1-Run1-HP1	Feed residue at day 13 from 48h bag	Treatment 1 Run 1 Heat pump 1	e	SeqRun_1	FR	rstc_Run1	d13	d13h48	Trt1	HP1	13	HP1_rstc_Run1	FR_d13	FR_d13h48	FR_Trt1	FR_HP1	FR_d13_Trt1	FR_d13_HP1	FR_d13h48_Trt1	FR_d13h48_HP1	FR_Trt1_HP1	FR_d13_Trt1_HP1	FR_d13h48_Trt1_HP1	AB1008
B1009	2019-14-1009	TATCTC	CAAGRGTTHGATYMTGGCTCAG	Feed residue	r1_i12	9/3/2019	Feed residue d13 (24h) Trt1-Run1-HP2	Feed residue at day 13 from 24h bag	Treatment 1 Run 1 Heat pump 2	j	SeqRun_1	FR	rstc_Run1	d13	d13h24	Trt1	HP2	13	HP2_rstc_Run1	FR_d13	FR_d13h24	FR_Trt1	FR_HP2	FR_d13_Trt1	FR_d13_HP2	FR_d13h24_Trt1	FR_d13h24_HP2	FR_Trt1_HP2	FR_d13_Trt1_HP2	FR_d13h24_Trt1_HP2	AB1009
B1010	2019-14-1010	TCATAA	CAAGRGTTHGATYMTGGCTCAG	Feed residue	r1_i12	9/3/2019	Feed residue d13 (48h) Trt1-Run1-HP2	Feed residue at day 13 from 48h bag	Treatment 1 Run 1 Heat pump 2	j	SeqRun_1	FR	rstc_Run1	d13	d13h48	Trt1	HP2	13	HP2_rstc_Run1	FR_d13	FR_d13h48	FR_Trt1	FR_HP2	FR_d13_Trt1	FR_d13_HP2	FR_d13h48_Trt1	FR_d13h48_HP2	FR_Trt1_HP2	FR_d13_Trt1_HP2	FR_d13h48_Trt1_HP2	AB1010
B1011	2019-14-1011	TCCGAG	CAAGRGTTHGATYMTGGCTCAG	Feed residue	r1_i12	9/3/2019	Feed residue d13 (24h) Trt2-Run1-HP1	Feed residue at day 13 from 24h bag	Treatment 2 Run 1 Heat pump 1	d	SeqRun_1	FR	rstc_Run1	d13	d13h24	Trt2	HP1	13	HP1_rstc_Run1	FR_d13	FR_d13h24	FR_Trt2	FR_HP1	FR_d13_Trt2	FR_d13_HP1	FR_d13h24_Trt2	FR_d13h24_HP1	FR_Trt2_HP1	FR_d13_Trt2_HP1	FR_d13h24_Trt2_HP1	AB1011
B1012	2019-14-1012	AGCATG	CAAGRGTTHGATYMTGGCTCAG	Feed residue	r1_i12	9/3/2019	Feed residue d13 (48h) Trt2-Run1-HP1	Feed residue at day 13 from 48h bag	Treatment 2 Run 1 Heat pump 1	d	SeqRun_1	FR	rstc_Run1	d13	d13h48	Trt2	HP1	13	HP1_rstc_Run1	FR_d13	FR_d13h48	FR_Trt2	FR_HP1	FR_d13_Trt2	FR_d13_HP1	FR_d13h48_Trt2	FR_d13h48_HP1	FR_Trt2_HP1	FR_d13_Trt2_HP1	FR_d13h48_Trt2_HP1	AB1012
B1013	2019-14-1013	TCGCCG	CAAGRGTTHGATYMTGGCTCAG	Feed residue	r1_i12	9/3/2019	Feed residue d13 (24h) Trt2-Run1-HP2	Feed residue at day 13 from 24h bag	Treatment 2 Run 1 Heat pump 2	h	SeqRun_1	FR	rstc_Run1	d13	d13h24	Trt2	HP2	13	HP2_rstc_Run1	FR_d13	FR_d13h24	FR_Trt2	FR_HP2	FR_d13_Trt2	FR_d13_HP2	FR_d13h24_Trt2	FR_d13h24_HP2	FR_Trt2_HP2	FR_d13_Trt2_HP2	FR_d13h24_Trt2_HP2	AB1013
B1014	2019-14-1014	TCTAGT	CAAGRGTTHGATYMTGGCTCAG	Feed residue	r1_i12	9/3/2019	Feed residue d13 (48h) Trt2-Run1-HP2	Feed residue at day 13 from 48h bag	Treatment 2 Run 1 Heat pump 2	h	SeqRun_1	FR	rstc_Run1	d13	d13h48	Trt2	HP2	13	HP2_rstc_Run1	FR_d13	FR_d13h48	FR_Trt2	FR_HP2	FR_d13_Trt2	FR_d13_HP2	FR_d13h48_Trt2	FR_d13h48_HP2	FR_Trt2_HP2	FR_d13_Trt2_HP2	FR_d13h48_Trt2_HP2	AB1014
B1015	2019-14-1015	ATAGAC	CAAGRGTTHGATYMTGGCTCAG	Feed residue	r1_i12	9/3/2019	Feed residue d13 (24h) Trt3-Run1-HP1	Feed residue at day 13 from 24h bag	Treatment 3 Run 1 Heat pump 1	a	SeqRun_1	FR	rstc_Run1	d13	d13h24	Trt3	HP1	13	HP1_rstc_Run1	FR_d13	FR_d13h24	FR_Trt3	FR_HP1	FR_d13_Trt3	FR_d13_HP1	FR_d13h24_Trt3	FR_d13h24_HP1	FR_Trt3_HP1	FR_d13_Trt3_HP1	FR_d13h24_Trt3_HP1	AB1015
B1016	2019-14-1016	ATATTG	CAAGRGTTHGATYMTGGCTCAG	Feed residue	r1_i12	9/3/2019	Feed residue d13 (48h) Trt3-Run1-HP1	Feed residue at day 13 from 48h bag	Treatment 3 Run 1 Heat pump 1	a	SeqRun_1	FR	rstc_Run1	d13	d13h48	Trt3	HP1	13	HP1_rstc_Run1	FR_d13	FR_d13h48	FR_Trt3	FR_HP1	FR_d13_Trt3	FR_d13_HP1	FR_d13h48_Trt3	FR_d13h48_HP1	FR_Trt3_HP1	FR_d13_Trt3_HP1	FR_d13h48_Trt3_HP1	AB1016
B1017	2019-14-1017	TCTGCC	CAAGRGTTHGATYMTGGCTCAG	Feed residue	r1_i12	9/3/2019	Feed residue d13 (24h) Trt3-Run1-HP2	Feed residue at day 13 from 24h bag	Treatment 3 Run 1 Heat pump 2	g	SeqRun_1	FR	rstc_Run1	d13	d13h24	Trt3	HP2	13	HP2_rstc_Run1	FR_d13	FR_d13h24	FR_Trt3	FR_HP2	FR_d13_Trt3	FR_d13_HP2	FR_d13h24_Trt3	FR_d13h24_HP2	FR_Trt3_HP2	FR_d13_Trt3_HP2	FR_d13h24_Trt3_HP2	AB1017
B1018	2019-14-1018	CAGCAA	CAAGRGTTHGATYMTGGCTCAG	Feed residue	r1_i12	9/3/2019	Feed residue d13 (48h) Trt3-Run1-HP2	Feed residue at day 13 from 48h bag	Treatment 3 Run 1 Heat pump 2	g	SeqRun_1	FR	rstc_Run1	d13	d13h48	Trt3	HP2	13	HP2_rstc_Run1	FR_d13	FR_d13h48	FR_Trt3	FR_HP2	FR_d13_Trt3	FR_d13_HP2	FR_d13h48_Trt3	FR_d13h48_HP2	FR_Trt3_HP2	FR_d13_Trt3_HP2	FR_d13h48_Trt3_HP2	AB1018
B1019	2019-14-1019	TGGTCC	CAAGRGTTHGATYMTGGCTCAG	Feed residue	r1_i12	9/3/2019	Feed residue d13 (24h) Trt4-Run1-HP1	Feed residue at day 13 from 24h bag	Treatment 4 Run 1 Heat pump 1	c	SeqRun_1	FR	rstc_Run1	d13	d13h24	Trt4	HP1	13	HP1_rstc_Run1	FR_d13	FR_d13h24	FR_Trt4	FR_HP1	FR_d13_Trt4	FR_d13_HP1	FR_d13h24_Trt4	FR_d13h24_HP1	FR_Trt4_HP1	FR_d13_Trt4_HP1	FR_d13h24_Trt4_HP1	AB1019
B1020	2019-14-1020	TTATGC	CAAGRGTTHGATYMTGGCTCAG	Feed residue	r1_i12	9/3/2019	Feed residue d13 (48h) Trt4-Run1-HP1	Feed residue at day 13 from 48h bag	Treatment 4 Run 1 Heat pump 1	c	SeqRun_1	FR	rstc_Run1	d13	d13h48	Trt4	HP1	13	HP1_rstc_Run1	FR_d13	FR_d13h48	FR_Trt4	FR_HP1	FR_d13_Trt4	FR_d13_HP1	FR_d13h48_Trt4	FR_d13h48_HP1	FR_Trt4_HP1	FR_d13_Trt4_HP1	FR_d13h48_Trt4_HP1	AB1020
B1021	2019-14-1021	CCGCTT	CAAGRGTTHGATYMTGGCTCAG	Feed residue	r1_i12	9/3/2019	Feed residue d13 (24h) Trt4-Run1-HP2	Feed residue at day 13 from 24h bag	Treatment 4 Run 1 Heat pump 2	f	SeqRun_1	FR	rstc_Run1	d13	d13h24	Trt4	HP2	13	HP2_rstc_Run1	FR_d13	FR_d13h24	FR_Trt4	FR_HP2	FR_d13_Trt4	FR_d13_HP2	FR_d13h24_Trt4	FR_d13h24_HP2	FR_Trt4_HP2	FR_d13_Trt4_HP2	FR_d13h24_Trt4_HP2	AB1021
B1022	2019-14-1022	CCTGAA	CAAGRGTTHGATYMTGGCTCAG	Feed residue	r1_i12	9/3/2019	Feed residue d13 (48h) Trt4-Run1-HP2	Feed residue at day 13 from 48h bag	Treatment 4 Run 1 Heat pump 2	f	SeqRun_1	FR	rstc_Run1	d13	d13h48	Trt4	HP2	13	HP2_rstc_Run1	FR_d13	FR_d13h48	FR_Trt4	FR_HP2	FR_d13_Trt4	FR_d13_HP2	FR_d13h48_Trt4	FR_d13h48_HP2	FR_Trt4_HP2	FR_d13_Trt4_HP2	FR_d13h48_Trt4_HP2	AB1022
B1023	2019-14-1023	CGAATT	CAAGRGTTHGATYMTGGCTCAG	Feed residue	r1_i12	9/3/2019	Feed residue d13 (24h) Trt5-Run1-HP1	Feed residue at day 13 from 24h bag	Treatment 5 Run 1 Heat pump 1	b	SeqRun_1	FR	rstc_Run1	d13	d13h24	Trt5	HP1	13	HP1_rstc_Run1	FR_d13	FR_d13h24	FR_Trt5	FR_HP1	FR_d13_Trt5	FR_d13_HP1	FR_d13h24_Trt5	FR_d13h24_HP1	FR_Trt5_HP1	FR_d13_Trt5_HP1	FR_d13h24_Trt5_HP1	AB1023
B1024	2019-14-1024	CCGTAG	CAAGRGTTHGATYMTGGCTCAG	Feed residue	r1_i12	9/3/2019	Feed residue d13 (48h) Trt5-Run1-HP1	Feed residue at day 13 from 48h bag	Treatment 5 Run 1 Heat pump 1	b	SeqRun_1	FR	rstc_Run1	d13	d13h48	Trt5	HP1	13	HP1_rstc_Run1	FR_d13	FR_d13h48	FR_Trt5	FR_HP1	FR_d13_Trt5	FR_d13_HP1	FR_d13h48_Trt5	FR_d13h48_HP1	FR_Trt5_HP1	FR_d13_Trt5_HP1	FR_d13h48_Trt5_HP1	AB1024
B1025	2019-14-1025	CGATCA	CAAGRGTTHGATYMTGGCTCAG	Feed residue	r1_i12	9/3/2019	Feed residue d13 (24h) Trt5-Run1-HP2	Feed residue at day 13 from 24h bag	Treatment 5 Run 1 Heat pump 2	i	SeqRun_1	FR	rstc_Run1	d13	d13h24	Trt5	HP2	13	HP2_rstc_Run1	FR_d13	FR_d13h24	FR_Trt5	FR_HP2	FR_d13_Trt5	FR_d13_HP2	FR_d13h24_Trt5	FR_d13h24_HP2	FR_Trt5_HP2	FR_d13_Trt5_HP2	FR_d13h24_Trt5_HP2	AB1025
B1026	2019-14-1026	CGCGCT	CAAGRGTTHGATYMTGGCTCAG	Feed residue	r1_i12	9/3/2019	Feed residue d13 (48h) Trt5-Run1-HP2	Feed residue at day 13 from 48h bag	Treatment 5 Run 1 Heat pump 2	i	SeqRun_1	FR	rstc_Run1	d13	d13h48	Trt5	HP2	13	HP2_rstc_Run1	FR_d13	FR_d13h48	FR_Trt5	FR_HP2	FR_d13_Trt5	FR_d13_HP2	FR_d13h48_Trt5	FR_d13h48_HP2	FR_Trt5_HP2	FR_d13_Trt5_HP2	FR_d13h48_Trt5_HP2	AB1026
B1037	2019-14-1037	GCCAGC	CAAGRGTTHGATYMTGGCTCAG	Fermenter liquid	r1_i12	8/28/2019	Fermenter liquid d7 Trt1-Run1-HP1	Fermenter liquid at day 7	Treatment 1 Run 1 Heat pump 1	e	SeqRun_1	FL	rstc_Run1	d7	not_appl	Trt1	HP1	7	HP1_rstc_Run1	FL_d7	FL_not_appl	FL_Trt1	FL_HP1	FL_d7_Trt1	FL_d7_HP1	FL_not_appl_Trt1	FL_not_appl_HP1	FL_Trt1_HP1	FL_d7_Trt1_HP1	FL_not_appl_Trt1_HP1	AB1037
B1038	2019-14-1038	GCGACT	CAAGRGTTHGATYMTGGCTCAG	Fermenter liquid	r1_i12	8/28/2019	Fermenter liquid d7 Trt1-Run1-HP2	Fermenter liquid at day 7	Treatment 1 Run 1 Heat pump 2	j	SeqRun_1	FL	rstc_Run1	d7	not_appl	Trt1	HP2	7	HP2_rstc_Run1	FL_d7	FL_not_appl	FL_Trt1	FL_HP2	FL_d7_Trt1	FL_d7_HP2	FL_not_appl_Trt1	FL_not_appl_HP2	FL_Trt1_HP2	FL_d7_Trt1_HP2	FL_not_appl_Trt1_HP2	AB1038
B1039	2019-14-1039	GCTCAT	CAAGRGTTHGATYMTGGCTCAG	Fermenter liquid	r1_i12	8/28/2019	Fermenter liquid d7 Trt2-Run1-HP1	Fermenter liquid at day 7	Treatment 2 Run 1 Heat pump 1	d	SeqRun_1	FL	rstc_Run1	d7	not_appl	Trt2	HP1	7	HP1_rstc_Run1	FL_d7	FL_not_appl	FL_Trt2	FL_HP1	FL_d7_Trt2	FL_d7_HP1	FL_not_appl_Trt2	FL_not_appl_HP1	FL_Trt2_HP1	FL_d7_Trt2_HP1	FL_not_appl_Trt2_HP1	AB1039
B1040	2019-14-1040	GGCCAA	CAAGRGTTHGATYMTGGCTCAG	Fermenter liquid	r1_i12	8/28/2019	Fermenter liquid d7 Trt2-Run1-HP2	Fermenter liquid at day 7	Treatment 2 Run 1 Heat pump 2	h	SeqRun_1	FL	rstc_Run1	d7	not_appl	Trt2	HP2	7	HP2_rstc_Run1	FL_d7	FL_not_appl	FL_Trt2	FL_HP2	FL_d7_Trt2	FL_d7_HP2	FL_not_appl_Trt2	FL_not_appl_HP2	FL_Trt2_HP2	FL_d7_Trt2_HP2	FL_not_appl_Trt2_HP2	AB1040
B1041	2019-14-1041	GGCTTC	CAAGRGTTHGATYMTGGCTCAG	Fermenter liquid	r1_i12	8/28/2019	Fermenter liquid d7 Trt3-Run1-HP1	Fermenter liquid at day 7	Treatment 3 Run 1 Heat pump 1	a	SeqRun_1	FL	rstc_Run1	d7	not_appl	Trt3	HP1	7	HP1_rstc_Run1	FL_d7	FL_not_appl	FL_Trt3	FL_HP1	FL_d7_Trt3	FL_d7_HP1	FL_not_appl_Trt3	FL_not_appl_HP1	FL_Trt3_HP1	FL_d7_Trt3_HP1	FL_not_appl_Trt3_HP1	AB1041
B1042	2019-14-1042	GGTACC	CAAGRGTTHGATYMTGGCTCAG	Fermenter liquid	r1_i12	8/28/2019	Fermenter liquid d7 Trt3-Run1-HP2	Fermenter liquid at day 7	Treatment 3 Run 1 Heat pump 2	g	SeqRun_1	FL	rstc_Run1	d7	not_appl	Trt3	HP2	7	HP2_rstc_Run1	FL_d7	FL_not_appl	FL_Trt3	FL_HP2	FL_d7_Trt3	FL_d7_HP2	FL_not_appl_Trt3	FL_not_appl_HP2	FL_Trt3_HP2	FL_d7_Trt3_HP2	FL_not_appl_Trt3_HP2	AB1042
B1043	2019-14-1043	GTAATC	CAAGRGTTHGATYMTGGCTCAG	Fermenter liquid	r1_i12	8/28/2019	Fermenter liquid d7 Trt4-Run1-HP1	Fermenter liquid at day 7	Treatment 4 Run 1 Heat pump 1	c	SeqRun_1	FL	rstc_Run1	d7	not_appl	Trt4	HP1	7	HP1_rstc_Run1	FL_d7	FL_not_appl	FL_Trt4	FL_HP1	FL_d7_Trt4	FL_d7_HP1	FL_not_appl_Trt4	FL_not_appl_HP1	FL_Trt4_HP1	FL_d7_Trt4_HP1	FL_not_appl_Trt4_HP1	AB1043
B1044	2019-14-1044	GTACGT	CAAGRGTTHGATYMTGGCTCAG	Fermenter liquid	r1_i12	8/28/2019	Fermenter liquid d7 Trt4-Run1-HP2	Fermenter liquid at day 7	Treatment 4 Run 1 Heat pump 2	f	SeqRun_1	FL	rstc_Run1	d7	not_appl	Trt4	HP2	7	HP2_rstc_Run1	FL_d7	FL_not_appl	FL_Trt4	FL_HP2	FL_d7_Trt4	FL_d7_HP2	FL_not_appl_Trt4	FL_not_appl_HP2	FL_Trt4_HP2	FL_d7_Trt4_HP2	FL_not_appl_Trt4_HP2	AB1044
B1045	2019-14-1045	GTCAAG	CAAGRGTTHGATYMTGGCTCAG	Fermenter liquid	r1_i12	8/28/2019	Fermenter liquid d7 Trt5-Run1-HP1	Fermenter liquid at day 7	Treatment 5 Run 1 Heat pump 1	b	SeqRun_1	FL	rstc_Run1	d7	not_appl	Trt5	HP1	7	HP1_rstc_Run1	FL_d7	FL_not_appl	FL_Trt5	FL_HP1	FL_d7_Trt5	FL_d7_HP1	FL_not_appl_Trt5	FL_not_appl_HP1	FL_Trt5_HP1	FL_d7_Trt5_HP1	FL_not_appl_Trt5_HP1	AB1045
B1046	2019-14-1046	GTCTCT	CAAGRGTTHGATYMTGGCTCAG	Fermenter liquid	r1_i12	8/28/2019	Fermenter liquid d7 Trt5-Run1-HP2	Fermenter liquid at day 7	Treatment 5 Run 1 Heat pump 2	i	SeqRun_1	FL	rstc_Run1	d7	not_appl	Trt5	HP2	7	HP2_rstc_Run1	FL_d7	FL_not_appl	FL_Trt5	FL_HP2	FL_d7_Trt5	FL_d7_HP2	FL_not_appl_Trt5	FL_not_appl_HP2	FL_Trt5_HP2	FL_d7_Trt5_HP2	FL_not_appl_Trt5_HP2	AB1046
B1047	2019-14-1047	AAGCCT	CAAGRGTTHGATYMTGGCTCAG	Fermenter liquid	r2_i1	9/3/2019	Fermenter liquid d13 Trt1-Run1-HP1	Fermenter liquid at day 13	Treatment 1 Run 1 Heat pump 1	e	SeqRun_2	FL	rstc_Run1	d13	not_appl	Trt1	HP1	13	HP1_rstc_Run1	FL_d13	FL_not_appl	FL_Trt1	FL_HP1	FL_d13_Trt1	FL_d13_HP1	FL_not_appl_Trt1	FL_not_appl_HP1	FL_Trt1_HP1	FL_d13_Trt1_HP1	FL_not_appl_Trt1_HP1	AB1047
B1048	2019-14-1048	AAGTTA	CAAGRGTTHGATYMTGGCTCAG	Fermenter liquid	r2_i1	9/3/2019	Fermenter liquid d13 Trt1-Run1-HP2	Fermenter liquid at day 13	Treatment 1 Run 1 Heat pump 2	j	SeqRun_2	FL	rstc_Run1	d13	not_appl	Trt1	HP2	13	HP2_rstc_Run1	FL_d13	FL_not_appl	FL_Trt1	FL_HP2	FL_d13_Trt1	FL_d13_HP2	FL_not_appl_Trt1	FL_not_appl_HP2	FL_Trt1_HP2	FL_d13_Trt1_HP2	FL_not_appl_Trt1_HP2	AB1048
B1049	2019-14-1049	AATACG	CAAGRGTTHGATYMTGGCTCAG	Fermenter liquid	r2_i1	9/3/2019	Fermenter liquid d13 Trt2-Run1-HP1	Fermenter liquid at day 13	Treatment 2 Run 1 Heat pump 1	d	SeqRun_2	FL	rstc_Run1	d13	not_appl	Trt2	HP1	13	HP1_rstc_Run1	FL_d13	FL_not_appl	FL_Trt2	FL_HP1	FL_d13_Trt2	FL_d13_HP1	FL_not_appl_Trt2	FL_not_appl_HP1	FL_Trt2_HP1	FL_d13_Trt2_HP1	FL_not_appl_Trt2_HP1	AB1049
B1050	2019-14-1050	AATCGA	CAAGRGTTHGATYMTGGCTCAG	Fermenter liquid	r2_i1	9/3/2019	Fermenter liquid d13 Trt2-Run1-HP2	Fermenter liquid at day 13	Treatment 2 Run 1 Heat pump 2	h	SeqRun_2	FL	rstc_Run1	d13	not_appl	Trt2	HP2	13	HP2_rstc_Run1	FL_d13	FL_not_appl	FL_Trt2	FL_HP2	FL_d13_Trt2	FL_d13_HP2	FL_not_appl_Trt2	FL_not_appl_HP2	FL_Trt2_HP2	FL_d13_Trt2_HP2	FL_not_appl_Trt2_HP2	AB1050
B1051	2019-14-1051	AATGAT	CAAGRGTTHGATYMTGGCTCAG	Fermenter liquid	r2_i1	9/3/2019	Fermenter liquid d13 Trt3-Run1-HP1	Fermenter liquid at day 13	Treatment 3 Run 1 Heat pump 1	a	SeqRun_2	FL	rstc_Run1	d13	not_appl	Trt3	HP1	13	HP1_rstc_Run1	FL_d13	FL_not_appl	FL_Trt3	FL_HP1	FL_d13_Trt3	FL_d13_HP1	FL_not_appl_Trt3	FL_not_appl_HP1	FL_Trt3_HP1	FL_d13_Trt3_HP1	FL_not_appl_Trt3_HP1	AB1051
B1052	2019-14-1052	ACCAAT	CAAGRGTTHGATYMTGGCTCAG	Fermenter liquid	r2_i1	9/3/2019	Fermenter liquid d13 Trt3-Run1-HP2	Fermenter liquid at day 13	Treatment 3 Run 1 Heat pump 2	g	SeqRun_2	FL	rstc_Run1	d13	not_appl	Trt3	HP2	13	HP2_rstc_Run1	FL_d13	FL_not_appl	FL_Trt3	FL_HP2	FL_d13_Trt3	FL_d13_HP2	FL_not_appl_Trt3	FL_not_appl_HP2	FL_Trt3_HP2	FL_d13_Trt3_HP2	FL_not_appl_Trt3_HP2	AB1052
B1053	2019-14-1053	ACCGTC	CAAGRGTTHGATYMTGGCTCAG	Fermenter liquid	r2_i1	9/3/2019	Fermenter liquid d13 Trt4-Run1-HP1	Fermenter liquid at day 13	Treatment 4 Run 1 Heat pump 1	c	SeqRun_2	FL	rstc_Run1	d13	not_appl	Trt4	HP1	13	HP1_rstc_Run1	FL_d13	FL_not_appl	FL_Trt4	FL_HP1	FL_d13_Trt4	FL_d13_HP1	FL_not_appl_Trt4	FL_not_appl_HP1	FL_Trt4_HP1	FL_d13_Trt4_HP1	FL_not_appl_Trt4_HP1	AB1053
B1054	2019-14-1054	ACCTCG	CAAGRGTTHGATYMTGGCTCAG	Fermenter liquid	r2_i1	9/3/2019	Fermenter liquid d13 Trt4-Run1-HP2	Fermenter liquid at day 13	Treatment 4 Run 1 Heat pump 2	f	SeqRun_2	FL	rstc_Run1	d13	not_appl	Trt4	HP2	13	HP2_rstc_Run1	FL_d13	FL_not_appl	FL_Trt4	FL_HP2	FL_d13_Trt4	FL_d13_HP2	FL_not_appl_Trt4	FL_not_appl_HP2	FL_Trt4_HP2	FL_d13_Trt4_HP2	FL_not_appl_Trt4_HP2	AB1054
B1055	2019-14-1055	ACGAGG	CAAGRGTTHGATYMTGGCTCAG	Fermenter liquid	r2_i1	9/3/2019	Fermenter liquid d13 Trt5-Run1-HP1	Fermenter liquid at day 13	Treatment 5 Run 1 Heat pump 1	b	SeqRun_2	FL	rstc_Run1	d13	not_appl	Trt5	HP1	13	HP1_rstc_Run1	FL_d13	FL_not_appl	FL_Trt5	FL_HP1	FL_d13_Trt5	FL_d13_HP1	FL_not_appl_Trt5	FL_not_appl_HP1	FL_Trt5_HP1	FL_d13_Trt5_HP1	FL_not_appl_Trt5_HP1	AB1055
B1056	2019-14-1056	ACTATA	CAAGRGTTHGATYMTGGCTCAG	Fermenter liquid	r2_i1	9/3/2019	Fermenter liquid d13 Trt5-Run1-HP2	Fermenter liquid at day 13	Treatment 5 Run 1 Heat pump 2	i	SeqRun_2	FL	rstc_Run1	d13	not_appl	Trt5	HP2	13	HP2_rstc_Run1	FL_d13	FL_not_appl	FL_Trt5	FL_HP2	FL_d13_Trt5	FL_d13_HP2	FL_not_appl_Trt5	FL_not_appl_HP2	FL_Trt5_HP2	FL_d13_Trt5_HP2	FL_not_appl_Trt5_HP2	AB1056
B1057	2019-14-1057	ACTTAC	CAAGRGTTHGATYMTGGCTCAG	Effluent	r2_i1	8/28/2019	Effluent d7 Trt1-Run1-HP1	Effluent at day 7	Treatment 1 Run 1 Heat pump 1	e	SeqRun_2	E	rstc_Run1	d7	not_appl	Trt1	HP1	7	HP1_rstc_Run1	E_d7	E_not_appl	E_Trt1	E_HP1	E_d7_Trt1	E_d7_HP1	E_not_appl_Trt1	E_not_appl_HP1	E_Trt1_HP1	E_d7_Trt1_HP1	E_not_appl_Trt1_HP1	AB1057
B1058	2019-14-1058	AGAAGC	CAAGRGTTHGATYMTGGCTCAG	Effluent	r2_i1	8/28/2019	Effluent d7 Trt1-Run1-HP2	Effluent at day 7	Treatment 1 Run 1 Heat pump 2	j	SeqRun_2	E	rstc_Run1	d7	not_appl	Trt1	HP2	7	HP2_rstc_Run1	E_d7	E_not_appl	E_Trt1	E_HP2	E_d7_Trt1	E_d7_HP2	E_not_appl_Trt1	E_not_appl_HP2	E_Trt1_HP2	E_d7_Trt1_HP2	E_not_appl_Trt1_HP2	AB1058
B1059	2019-14-1059	AGACCG	CAAGRGTTHGATYMTGGCTCAG	Effluent	r2_i1	8/28/2019	Effluent d7 Trt2-Run1-HP1	Effluent at day 7	Treatment 2 Run 1 Heat pump 1	d	SeqRun_2	E	rstc_Run1	d7	not_appl	Trt2	HP1	7	HP1_rstc_Run1	E_d7	E_not_appl	E_Trt2	E_HP1	E_d7_Trt2	E_d7_HP1	E_not_appl_Trt2	E_not_appl_HP1	E_Trt2_HP1	E_d7_Trt2_HP1	E_not_appl_Trt2_HP1	AB1059
B1060	2019-14-1060	AGAGTA	CAAGRGTTHGATYMTGGCTCAG	Effluent	r2_i1	8/28/2019	Effluent d7 Trt2-Run1-HP2	Effluent at day 7	Treatment 2 Run 1 Heat pump 2	h	SeqRun_2	E	rstc_Run1	d7	not_appl	Trt2	HP2	7	HP2_rstc_Run1	E_d7	E_not_appl	E_Trt2	E_HP2	E_d7_Trt2	E_d7_HP2	E_not_appl_Trt2	E_not_appl_HP2	E_Trt2_HP2	E_d7_Trt2_HP2	E_not_appl_Trt2_HP2	AB1060
B1061	2019-14-1061	AGATAT	CAAGRGTTHGATYMTGGCTCAG	Effluent	r2_i1	8/28/2019	Effluent d7 Trt3-Run1-HP1	Effluent at day 7	Treatment 3 Run 1 Heat pump 1	a	SeqRun_2	E	rstc_Run1	d7	not_appl	Trt3	HP1	7	HP1_rstc_Run1	E_d7	E_not_appl	E_Trt3	E_HP1	E_d7_Trt3	E_d7_HP1	E_not_appl_Trt3	E_not_appl_HP1	E_Trt3_HP1	E_d7_Trt3_HP1	E_not_appl_Trt3_HP1	AB1061
B1062	2019-14-1062	AGCATG	CAAGRGTTHGATYMTGGCTCAG	Effluent	r2_i1	8/28/2019	Effluent d7 Trt3-Run1-HP2	Effluent at day 7	Treatment 3 Run 1 Heat pump 2	g	SeqRun_2	E	rstc_Run1	d7	not_appl	Trt3	HP2	7	HP2_rstc_Run1	E_d7	E_not_appl	E_Trt3	E_HP2	E_d7_Trt3	E_d7_HP2	E_not_appl_Trt3	E_not_appl_HP2	E_Trt3_HP2	E_d7_Trt3_HP2	E_not_appl_Trt3_HP2	AB1062
B1063	2019-14-1063	AGCCGT	CAAGRGTTHGATYMTGGCTCAG	Effluent	r2_i1	8/28/2019	Effluent d7 Trt4-Run1-HP1	Effluent at day 7	Treatment 4 Run 1 Heat pump 1	c	SeqRun_2	E	rstc_Run1	d7	not_appl	Trt4	HP1	7	HP1_rstc_Run1	E_d7	E_not_appl	E_Trt4	E_HP1	E_d7_Trt4	E_d7_HP1	E_not_appl_Trt4	E_not_appl_HP1	E_Trt4_HP1	E_d7_Trt4_HP1	E_not_appl_Trt4_HP1	AB1063
B1064	2019-14-1064	AGGCTC	CAAGRGTTHGATYMTGGCTCAG	Effluent	r2_i1	8/28/2019	Effluent d7 Trt4-Run1-HP2	Effluent at day 7	Treatment 4 Run 1 Heat pump 2	f	SeqRun_2	E	rstc_Run1	d7	not_appl	Trt4	HP2	7	HP2_rstc_Run1	E_d7	E_not_appl	E_Trt4	E_HP2	E_d7_Trt4	E_d7_HP2	E_not_appl_Trt4	E_not_appl_HP2	E_Trt4_HP2	E_d7_Trt4_HP2	E_not_appl_Trt4_HP2	AB1064
B1065	2019-14-1065	ATAGAC	CAAGRGTTHGATYMTGGCTCAG	Effluent	r2_i1	8/28/2019	Effluent d7 Trt5-Run1-HP1	Effluent at day 7	Treatment 5 Run 1 Heat pump 1	b	SeqRun_2	E	rstc_Run1	d7	not_appl	Trt5	HP1	7	HP1_rstc_Run1	E_d7	E_not_appl	E_Trt5	E_HP1	E_d7_Trt5	E_d7_HP1	E_not_appl_Trt5	E_not_appl_HP1	E_Trt5_HP1	E_d7_Trt5_HP1	E_not_appl_Trt5_HP1	AB1065
B1066	2019-14-1066	ATATTG	CAAGRGTTHGATYMTGGCTCAG	Effluent	r2_i1	8/28/2019	Effluent d7 Trt5-Run1-HP2	Effluent at day 7	Treatment 5 Run 1 Heat pump 2	i	SeqRun_2	E	rstc_Run1	d7	not_appl	Trt5	HP2	7	HP2_rstc_Run1	E_d7	E_not_appl	E_Trt5	E_HP2	E_d7_Trt5	E_d7_HP2	E_not_appl_Trt5	E_not_appl_HP2	E_Trt5_HP2	E_d7_Trt5_HP2	E_not_appl_Trt5_HP2	AB1066
B1067	2019-14-1067	CAGATG	CAAGRGTTHGATYMTGGCTCAG	Effluent	r2_i1	9/3/2019	Effluent d13 Trt1-Run1-HP1	Effluent at day 13	Treatment 1 Run 1 Heat pump 1	e	SeqRun_2	E	rstc_Run1	d13	not_appl	Trt1	HP1	13	HP1_rstc_Run1	E_d13	E_not_appl	E_Trt1	E_HP1	E_d13_Trt1	E_d13_HP1	E_not_appl_Trt1	E_not_appl_HP1	E_Trt1_HP1	E_d13_Trt1_HP1	E_not_appl_Trt1_HP1	AB1067
B1068	2019-14-1068	CAGCAA	CAAGRGTTHGATYMTGGCTCAG	Effluent	r2_i1	9/3/2019	Effluent d13 Trt1-Run1-HP2	Effluent at day 13	Treatment 1 Run 1 Heat pump 2	j	SeqRun_2	E	rstc_Run1	d13	not_appl	Trt1	HP2	13	HP2_rstc_Run1	E_d13	E_not_appl	E_Trt1	E_HP2	E_d13_Trt1	E_d13_HP2	E_not_appl_Trt1	E_not_appl_HP2	E_Trt1_HP2	E_d13_Trt1_HP2	E_not_appl_Trt1_HP2	AB1068
B1069	2019-14-1069	CATAGC	CAAGRGTTHGATYMTGGCTCAG	Effluent	r2_i1	9/3/2019	Effluent d13 Trt2-Run1-HP1	Effluent at day 13	Treatment 2 Run 1 Heat pump 1	d	SeqRun_2	E	rstc_Run1	d13	not_appl	Trt2	HP1	13	HP1_rstc_Run1	E_d13	E_not_appl	E_Trt2	E_HP1	E_d13_Trt2	E_d13_HP1	E_not_appl_Trt2	E_not_appl_HP1	E_Trt2_HP1	E_d13_Trt2_HP1	E_not_appl_Trt2_HP1	AB1069
B1070	2019-14-1070	CCAGGT	CAAGRGTTHGATYMTGGCTCAG	Effluent	r2_i1	9/3/2019	Effluent d13 Trt2-Run1-HP2	Effluent at day 13	Treatment 2 Run 1 Heat pump 2	h	SeqRun_2	E	rstc_Run1	d13	not_appl	Trt2	HP2	13	HP2_rstc_Run1	E_d13	E_not_appl	E_Trt2	E_HP2	E_d13_Trt2	E_d13_HP2	E_not_appl_Trt2	E_not_appl_HP2	E_Trt2_HP2	E_d13_Trt2_HP2	E_not_appl_Trt2_HP2	AB1070
B1071	2019-14-1071	CCGCTT	CAAGRGTTHGATYMTGGCTCAG	Effluent	r2_i1	9/3/2019	Effluent d13 Trt3-Run1-HP1	Effluent at day 13	Treatment 3 Run 1 Heat pump 1	a	SeqRun_2	E	rstc_Run1	d13	not_appl	Trt3	HP1	13	HP1_rstc_Run1	E_d13	E_not_appl	E_Trt3	E_HP1	E_d13_Trt3	E_d13_HP1	E_not_appl_Trt3	E_not_appl_HP1	E_Trt3_HP1	E_d13_Trt3_HP1	E_not_appl_Trt3_HP1	AB1071
B1072	2019-14-1072	CCGTAG	CAAGRGTTHGATYMTGGCTCAG	Effluent	r2_i1	9/3/2019	Effluent d13 Trt3-Run1-HP2	Effluent at day 13	Treatment 3 Run 1 Heat pump 2	g	SeqRun_2	E	rstc_Run1	d13	not_appl	Trt3	HP2	13	HP2_rstc_Run1	E_d13	E_not_appl	E_Trt3	E_HP2	E_d13_Trt3	E_d13_HP2	E_not_appl_Trt3	E_not_appl_HP2	E_Trt3_HP2	E_d13_Trt3_HP2	E_not_appl_Trt3_HP2	AB1072
B1073	2019-14-1073	CCTGAA	CAAGRGTTHGATYMTGGCTCAG	Effluent	r2_i1	9/3/2019	Effluent d13 Trt4-Run1-HP1	Effluent at day 13	Treatment 4 Run 1 Heat pump 1	c	SeqRun_2	E	rstc_Run1	d13	not_appl	Trt4	HP1	13	HP1_rstc_Run1	E_d13	E_not_appl	E_Trt4	E_HP1	E_d13_Trt4	E_d13_HP1	E_not_appl_Trt4	E_not_appl_HP1	E_Trt4_HP1	E_d13_Trt4_HP1	E_not_appl_Trt4_HP1	AB1073
B1074	2019-14-1074	CGAATT	CAAGRGTTHGATYMTGGCTCAG	Effluent	r2_i1	9/3/2019	Effluent d13 Trt4-Run1-HP2	Effluent at day 13	Treatment 4 Run 1 Heat pump 2	f	SeqRun_2	E	rstc_Run1	d13	not_appl	Trt4	HP2	13	HP2_rstc_Run1	E_d13	E_not_appl	E_Trt4	E_HP2	E_d13_Trt4	E_d13_HP2	E_not_appl_Trt4	E_not_appl_HP2	E_Trt4_HP2	E_d13_Trt4_HP2	E_not_appl_Trt4_HP2	AB1074
B1075	2019-14-1075	CGATCA	CAAGRGTTHGATYMTGGCTCAG	Effluent	r2_i1	9/3/2019	Effluent d13 Trt5-Run1-HP1	Effluent at day 13	Treatment 5 Run 1 Heat pump 1	b	SeqRun_2	E	rstc_Run1	d13	not_appl	Trt5	HP1	13	HP1_rstc_Run1	E_d13	E_not_appl	E_Trt5	E_HP1	E_d13_Trt5	E_d13_HP1	E_not_appl_Trt5	E_not_appl_HP1	E_Trt5_HP1	E_d13_Trt5_HP1	E_not_appl_Trt5_HP1	AB1075
B1076	2019-14-1076	CGCAAC	CAAGRGTTHGATYMTGGCTCAG	Effluent	r2_i1	9/3/2019	Effluent d13 Trt5-Run1-HP2	Effluent at day 13	Treatment 5 Run 1 Heat pump 2	i	SeqRun_2	E	rstc_Run1	d13	not_appl	Trt5	HP2	13	HP2_rstc_Run1	E_d13	E_not_appl	E_Trt5	E_HP2	E_d13_Trt5	E_d13_HP2	E_not_appl_Trt5	E_not_appl_HP2	E_Trt5_HP2	E_d13_Trt5_HP2	E_not_appl_Trt5_HP2	AB1076
B2007	2019-14-2007	GACGAC	CAAGRGTTHGATYMTGGCTCAG	Feed residue	r2_i1	9/24/2019	Feed residue d13 (24h) Trt1-Run2-HP1	Feed residue at day 13 from 24h bag	Treatment 1 Run 2 Heat pump 1	b	SeqRun_2	FR	rstc_Run2	d13	d13h24	Trt1	HP1	13	HP1_rstc_Run2	FR_d13	FR_d13h24	FR_Trt1	FR_HP1	FR_d13_Trt1	FR_d13_HP1	FR_d13h24_Trt1	FR_d13h24_HP1	FR_Trt1_HP1	FR_d13_Trt1_HP1	FR_d13h24_Trt1_HP1	AB2007
B2008	2019-14-2008	GATTAG	CAAGRGTTHGATYMTGGCTCAG	Feed residue	r2_i1	9/24/2019	Feed residue d13 (48h) Trt1-Run2-HP1	Feed residue at day 13 from 48h bag	Treatment 1 Run 2 Heat pump 1	b	SeqRun_2	FR	rstc_Run2	d13	d13h48	Trt1	HP1	13	HP1_rstc_Run2	FR_d13	FR_d13h48	FR_Trt1	FR_HP1	FR_d13_Trt1	FR_d13_HP1	FR_d13h48_Trt1	FR_d13h48_HP1	FR_Trt1_HP1	FR_d13_Trt1_HP1	FR_d13h48_Trt1_HP1	AB2008
B2009	2019-14-2009	GCATCC	CAAGRGTTHGATYMTGGCTCAG	Feed residue	r2_i1	9/24/2019	Feed residue d13 (24h) Trt1-Run2-HP2	Feed residue at day 13 from 24h bag	Treatment 1 Run 2 Heat pump 2	i	SeqRun_2	FR	rstc_Run2	d13	d13h24	Trt1	HP2	13	HP2_rstc_Run2	FR_d13	FR_d13h24	FR_Trt1	FR_HP2	FR_d13_Trt1	FR_d13_HP2	FR_d13h24_Trt1	FR_d13h24_HP2	FR_Trt1_HP2	FR_d13_Trt1_HP2	FR_d13h24_Trt1_HP2	AB2009
B2010	2019-14-2010	GCCAGC	CAAGRGTTHGATYMTGGCTCAG	Feed residue	r2_i1	9/24/2019	Feed residue d13 (48h) Trt1-Run2-HP2	Feed residue at day 13 from 48h bag	Treatment 1 Run 2 Heat pump 2	i	SeqRun_2	FR	rstc_Run2	d13	d13h48	Trt1	HP2	13	HP2_rstc_Run2	FR_d13	FR_d13h48	FR_Trt1	FR_HP2	FR_d13_Trt1	FR_d13_HP2	FR_d13h48_Trt1	FR_d13h48_HP2	FR_Trt1_HP2	FR_d13_Trt1_HP2	FR_d13h48_Trt1_HP2	AB2010
B2011	2019-14-2011	GCGACT	CAAGRGTTHGATYMTGGCTCAG	Feed residue	r2_i1	9/24/2019	Feed residue d13 (24h) Trt2-Run2-HP1	Feed residue at day 13 from 24h bag	Treatment 2 Run 2 Heat pump 1	c	SeqRun_2	FR	rstc_Run2	d13	d13h24	Trt2	HP1	13	HP1_rstc_Run2	FR_d13	FR_d13h24	FR_Trt2	FR_HP1	FR_d13_Trt2	FR_d13_HP1	FR_d13h24_Trt2	FR_d13h24_HP1	FR_Trt2_HP1	FR_d13_Trt2_HP1	FR_d13h24_Trt2_HP1	AB2011
B2012	2019-14-2012	GCTCAT	CAAGRGTTHGATYMTGGCTCAG	Feed residue	r2_i1	9/24/2019	Feed residue d13 (48h) Trt2-Run2-HP1	Feed residue at day 13 from 48h bag	Treatment 2 Run 2 Heat pump 1	c	SeqRun_2	FR	rstc_Run2	d13	d13h48	Trt2	HP1	13	HP1_rstc_Run2	FR_d13	FR_d13h48	FR_Trt2	FR_HP1	FR_d13_Trt2	FR_d13_HP1	FR_d13h48_Trt2	FR_d13h48_HP1	FR_Trt2_HP1	FR_d13_Trt2_HP1	FR_d13h48_Trt2_HP1	AB2012
B2013	2019-14-2013	GGCCAA	CAAGRGTTHGATYMTGGCTCAG	Feed residue	r2_i1	9/24/2019	Feed residue d13 (24h) Trt2-Run2-HP2	Feed residue at day 13 from 24h bag	Treatment 2 Run 2 Heat pump 2	f	SeqRun_2	FR	rstc_Run2	d13	d13h24	Trt2	HP2	13	HP2_rstc_Run2	FR_d13	FR_d13h24	FR_Trt2	FR_HP2	FR_d13_Trt2	FR_d13_HP2	FR_d13h24_Trt2	FR_d13h24_HP2	FR_Trt2_HP2	FR_d13_Trt2_HP2	FR_d13h24_Trt2_HP2	AB2013
B2026	2019-14-2026	TCTAGT	CAAGRGTTHGATYMTGGCTCAG	Feed residue	r2_i3	9/24/2019	Feed residue d13 (48h) Trt5-Run2-HP2	Feed residue at day 13 from 48h bag	Treatment 5 Run 2 Heat pump 2	g	SeqRun_2	FR	rstc_Run2	d13	d13h48	Trt5	HP2	13	HP2_rstc_Run2	FR_d13	FR_d13h48	FR_Trt5	FR_HP2	FR_d13_Trt5	FR_d13_HP2	FR_d13h48_Trt5	FR_d13h48_HP2	FR_Trt5_HP2	FR_d13_Trt5_HP2	FR_d13h48_Trt5_HP2	AB2026
B2037	2019-14-2037	ACCTCG	CAAGRGTTHGATYMTGGCTCAG	Fermenter liquid	r2_i3	9/18/2019	Fermenter liquid d7 Trt1-Run2-HP1	Fermenter liquid at day 7	Treatment 1 Run 2 Heat pump 1	b	SeqRun_2	FL	rstc_Run2	d7	not_appl	Trt1	HP1	7	HP1_rstc_Run2	FL_d7	FL_not_appl	FL_Trt1	FL_HP1	FL_d7_Trt1	FL_d7_HP1	FL_not_appl_Trt1	FL_not_appl_HP1	FL_Trt1_HP1	FL_d7_Trt1_HP1	FL_not_appl_Trt1_HP1	AB2037
B2038	2019-14-2038	ACGAGG	CAAGRGTTHGATYMTGGCTCAG	Fermenter liquid	r2_i3	9/18/2019	Fermenter liquid d7 Trt1-Run2-HP2	Fermenter liquid at day 7	Treatment 1 Run 2 Heat pump 2	i	SeqRun_2	FL	rstc_Run2	d7	not_appl	Trt1	HP2	7	HP2_rstc_Run2	FL_d7	FL_not_appl	FL_Trt1	FL_HP2	FL_d7_Trt1	FL_d7_HP2	FL_not_appl_Trt1	FL_not_appl_HP2	FL_Trt1_HP2	FL_d7_Trt1_HP2	FL_not_appl_Trt1_HP2	AB2038
B2039	2019-14-2039	ACTATA	CAAGRGTTHGATYMTGGCTCAG	Fermenter liquid	r2_i3	9/18/2019	Fermenter liquid d7 Trt2-Run2-HP1	Fermenter liquid at day 7	Treatment 2 Run 2 Heat pump 1	c	SeqRun_2	FL	rstc_Run2	d7	not_appl	Trt2	HP1	7	HP1_rstc_Run2	FL_d7	FL_not_appl	FL_Trt2	FL_HP1	FL_d7_Trt2	FL_d7_HP1	FL_not_appl_Trt2	FL_not_appl_HP1	FL_Trt2_HP1	FL_d7_Trt2_HP1	FL_not_appl_Trt2_HP1	AB2039
B2040	2019-14-2040	ACTTAC	CAAGRGTTHGATYMTGGCTCAG	Fermenter liquid	r2_i3	9/18/2019	Fermenter liquid d7 Trt2-Run2-HP2	Fermenter liquid at day 7	Treatment 2 Run 2 Heat pump 2	f	SeqRun_2	FL	rstc_Run2	d7	not_appl	Trt2	HP2	7	HP2_rstc_Run2	FL_d7	FL_not_appl	FL_Trt2	FL_HP2	FL_d7_Trt2	FL_d7_HP2	FL_not_appl_Trt2	FL_not_appl_HP2	FL_Trt2_HP2	FL_d7_Trt2_HP2	FL_not_appl_Trt2_HP2	AB2040
B2041	2019-14-2041	AGAAGC	CAAGRGTTHGATYMTGGCTCAG	Fermenter liquid	r2_i3	9/18/2019	Fermenter liquid d7 Trt3-Run2-HP1	Fermenter liquid at day 7	Treatment 3 Run 2 Heat pump 1	e	SeqRun_2	FL	rstc_Run2	d7	not_appl	Trt3	HP1	7	HP1_rstc_Run2	FL_d7	FL_not_appl	FL_Trt3	FL_HP1	FL_d7_Trt3	FL_d7_HP1	FL_not_appl_Trt3	FL_not_appl_HP1	FL_Trt3_HP1	FL_d7_Trt3_HP1	FL_not_appl_Trt3_HP1	AB2041
B2042	2019-14-2042	AGACCG	CAAGRGTTHGATYMTGGCTCAG	Fermenter liquid	r2_i3	9/18/2019	Fermenter liquid d7 Trt3-Run2-HP2	Fermenter liquid at day 7	Treatment 3 Run 2 Heat pump 2	h	SeqRun_2	FL	rstc_Run2	d7	not_appl	Trt3	HP2	7	HP2_rstc_Run2	FL_d7	FL_not_appl	FL_Trt3	FL_HP2	FL_d7_Trt3	FL_d7_HP2	FL_not_appl_Trt3	FL_not_appl_HP2	FL_Trt3_HP2	FL_d7_Trt3_HP2	FL_not_appl_Trt3_HP2	AB2042
B2043	2019-14-2043	AGAGTA	CAAGRGTTHGATYMTGGCTCAG	Fermenter liquid	r2_i3	9/18/2019	Fermenter liquid d7 Trt4-Run2-HP1	Fermenter liquid at day 7	Treatment 4 Run 2 Heat pump 1	d	SeqRun_2	FL	rstc_Run2	d7	not_appl	Trt4	HP1	7	HP1_rstc_Run2	FL_d7	FL_not_appl	FL_Trt4	FL_HP1	FL_d7_Trt4	FL_d7_HP1	FL_not_appl_Trt4	FL_not_appl_HP1	FL_Trt4_HP1	FL_d7_Trt4_HP1	FL_not_appl_Trt4_HP1	AB2043
B2044	2019-14-2044	AGATAT	CAAGRGTTHGATYMTGGCTCAG	Fermenter liquid	r2_i3	9/18/2019	Fermenter liquid d7 Trt4-Run2-HP2	Fermenter liquid at day 7	Treatment 4 Run 2 Heat pump 2	j	SeqRun_2	FL	rstc_Run2	d7	not_appl	Trt4	HP2	7	HP2_rstc_Run2	FL_d7	FL_not_appl	FL_Trt4	FL_HP2	FL_d7_Trt4	FL_d7_HP2	FL_not_appl_Trt4	FL_not_appl_HP2	FL_Trt4_HP2	FL_d7_Trt4_HP2	FL_not_appl_Trt4_HP2	AB2044
B2045	2019-14-2045	AGCATG	CAAGRGTTHGATYMTGGCTCAG	Fermenter liquid	r2_i3	9/18/2019	Fermenter liquid d7 Trt5-Run2-HP1	Fermenter liquid at day 7	Treatment 5 Run 2 Heat pump 1	a	SeqRun_2	FL	rstc_Run2	d7	not_appl	Trt5	HP1	7	HP1_rstc_Run2	FL_d7	FL_not_appl	FL_Trt5	FL_HP1	FL_d7_Trt5	FL_d7_HP1	FL_not_appl_Trt5	FL_not_appl_HP1	FL_Trt5_HP1	FL_d7_Trt5_HP1	FL_not_appl_Trt5_HP1	AB2045
B2046	2019-14-2046	AGCCGT	CAAGRGTTHGATYMTGGCTCAG	Fermenter liquid	r2_i3	9/18/2019	Fermenter liquid d7 Trt5-Run2-HP2	Fermenter liquid at day 7	Treatment 5 Run 2 Heat pump 2	g	SeqRun_2	FL	rstc_Run2	d7	not_appl	Trt5	HP2	7	HP2_rstc_Run2	FL_d7	FL_not_appl	FL_Trt5	FL_HP2	FL_d7_Trt5	FL_d7_HP2	FL_not_appl_Trt5	FL_not_appl_HP2	FL_Trt5_HP2	FL_d7_Trt5_HP2	FL_not_appl_Trt5_HP2	AB2046
B2047	2019-14-2047	AGGCTC	CAAGRGTTHGATYMTGGCTCAG	Fermenter liquid	r2_i3	9/24/2019	Fermenter liquid d13 Trt1-Run2-HP1	Fermenter liquid at day 13	Treatment 1 Run 2 Heat pump 1	b	SeqRun_2	FL	rstc_Run2	d13	not_appl	Trt1	HP1	13	HP1_rstc_Run2	FL_d13	FL_not_appl	FL_Trt1	FL_HP1	FL_d13_Trt1	FL_d13_HP1	FL_not_appl_Trt1	FL_not_appl_HP1	FL_Trt1_HP1	FL_d13_Trt1_HP1	FL_not_appl_Trt1_HP1	AB2047
B2048	2019-14-2048	ATAGAC	CAAGRGTTHGATYMTGGCTCAG	Fermenter liquid	r2_i3	9/24/2019	Fermenter liquid d13 Trt1-Run2-HP2	Fermenter liquid at day 13	Treatment 1 Run 2 Heat pump 2	i	SeqRun_2	FL	rstc_Run2	d13	not_appl	Trt1	HP2	13	HP2_rstc_Run2	FL_d13	FL_not_appl	FL_Trt1	FL_HP2	FL_d13_Trt1	FL_d13_HP2	FL_not_appl_Trt1	FL_not_appl_HP2	FL_Trt1_HP2	FL_d13_Trt1_HP2	FL_not_appl_Trt1_HP2	AB2048
B2049	2019-14-2049	ATATTG	CAAGRGTTHGATYMTGGCTCAG	Fermenter liquid	r2_i3	9/24/2019	Fermenter liquid d13 Trt2-Run2-HP1	Fermenter liquid at day 13	Treatment 2 Run 2 Heat pump 1	c	SeqRun_2	FL	rstc_Run2	d13	not_appl	Trt2	HP1	13	HP1_rstc_Run2	FL_d13	FL_not_appl	FL_Trt2	FL_HP1	FL_d13_Trt2	FL_d13_HP1	FL_not_appl_Trt2	FL_not_appl_HP1	FL_Trt2_HP1	FL_d13_Trt2_HP1	FL_not_appl_Trt2_HP1	AB2049
B2050	2019-14-2050	CAGATG	CAAGRGTTHGATYMTGGCTCAG	Fermenter liquid	r2_i3	9/24/2019	Fermenter liquid d13 Trt2-Run2-HP2	Fermenter liquid at day 13	Treatment 2 Run 2 Heat pump 2	f	SeqRun_2	FL	rstc_Run2	d13	not_appl	Trt2	HP2	13	HP2_rstc_Run2	FL_d13	FL_not_appl	FL_Trt2	FL_HP2	FL_d13_Trt2	FL_d13_HP2	FL_not_appl_Trt2	FL_not_appl_HP2	FL_Trt2_HP2	FL_d13_Trt2_HP2	FL_not_appl_Trt2_HP2	AB2050
B2051	2019-14-2051	CAGCAA	CAAGRGTTHGATYMTGGCTCAG	Fermenter liquid	r2_i3	9/24/2019	Fermenter liquid d13 Trt3-Run2-HP1	Fermenter liquid at day 13	Treatment 3 Run 2 Heat pump 1	e	SeqRun_2	FL	rstc_Run2	d13	not_appl	Trt3	HP1	13	HP1_rstc_Run2	FL_d13	FL_not_appl	FL_Trt3	FL_HP1	FL_d13_Trt3	FL_d13_HP1	FL_not_appl_Trt3	FL_not_appl_HP1	FL_Trt3_HP1	FL_d13_Trt3_HP1	FL_not_appl_Trt3_HP1	AB2051
B2052	2019-14-2052	CATAGC	CAAGRGTTHGATYMTGGCTCAG	Fermenter liquid	r2_i3	9/24/2019	Fermenter liquid d13 Trt3-Run2-HP2	Fermenter liquid at day 13	Treatment 3 Run 2 Heat pump 2	h	SeqRun_2	FL	rstc_Run2	d13	not_appl	Trt3	HP2	13	HP2_rstc_Run2	FL_d13	FL_not_appl	FL_Trt3	FL_HP2	FL_d13_Trt3	FL_d13_HP2	FL_not_appl_Trt3	FL_not_appl_HP2	FL_Trt3_HP2	FL_d13_Trt3_HP2	FL_not_appl_Trt3_HP2	AB2052
B2053	2019-14-2053	CCAGGT	CAAGRGTTHGATYMTGGCTCAG	Fermenter liquid	r2_i3	9/24/2019	Fermenter liquid d13 Trt4-Run2-HP1	Fermenter liquid at day 13	Treatment 4 Run 2 Heat pump 1	d	SeqRun_2	FL	rstc_Run2	d13	not_appl	Trt4	HP1	13	HP1_rstc_Run2	FL_d13	FL_not_appl	FL_Trt4	FL_HP1	FL_d13_Trt4	FL_d13_HP1	FL_not_appl_Trt4	FL_not_appl_HP1	FL_Trt4_HP1	FL_d13_Trt4_HP1	FL_not_appl_Trt4_HP1	AB2053
B2054	2019-14-2054	CCGCTT	CAAGRGTTHGATYMTGGCTCAG	Fermenter liquid	r2_i3	9/24/2019	Fermenter liquid d13 Trt4-Run2-HP2	Fermenter liquid at day 13	Treatment 4 Run 2 Heat pump 2	j	SeqRun_2	FL	rstc_Run2	d13	not_appl	Trt4	HP2	13	HP2_rstc_Run2	FL_d13	FL_not_appl	FL_Trt4	FL_HP2	FL_d13_Trt4	FL_d13_HP2	FL_not_appl_Trt4	FL_not_appl_HP2	FL_Trt4_HP2	FL_d13_Trt4_HP2	FL_not_appl_Trt4_HP2	AB2054
B2055	2019-14-2055	CCGTAG	CAAGRGTTHGATYMTGGCTCAG	Fermenter liquid	r2_i3	9/24/2019	Fermenter liquid d13 Trt5-Run2-HP1	Fermenter liquid at day 13	Treatment 5 Run 2 Heat pump 1	a	SeqRun_2	FL	rstc_Run2	d13	not_appl	Trt5	HP1	13	HP1_rstc_Run2	FL_d13	FL_not_appl	FL_Trt5	FL_HP1	FL_d13_Trt5	FL_d13_HP1	FL_not_appl_Trt5	FL_not_appl_HP1	FL_Trt5_HP1	FL_d13_Trt5_HP1	FL_not_appl_Trt5_HP1	AB2055
B2056	2019-14-2056	CCTGAA	CAAGRGTTHGATYMTGGCTCAG	Fermenter liquid	r2_i3	9/24/2019	Fermenter liquid d13 Trt5-Run2-HP2	Fermenter liquid at day 13	Treatment 5 Run 2 Heat pump 2	g	SeqRun_2	FL	rstc_Run2	d13	not_appl	Trt5	HP2	13	HP2_rstc_Run2	FL_d13	FL_not_appl	FL_Trt5	FL_HP2	FL_d13_Trt5	FL_d13_HP2	FL_not_appl_Trt5	FL_not_appl_HP2	FL_Trt5_HP2	FL_d13_Trt5_HP2	FL_not_appl_Trt5_HP2	AB2056
B2057	2019-14-2057	CGAATT	CAAGRGTTHGATYMTGGCTCAG	Effluent	r2_i3	9/18/2019	Effluent d7 Trt1-Run2-HP1	Effluent at day 7	Treatment 1 Run 2 Heat pump 1	b	SeqRun_2	E	rstc_Run2	d7	not_appl	Trt1	HP1	7	HP1_rstc_Run2	E_d7	E_not_appl	E_Trt1	E_HP1	E_d7_Trt1	E_d7_HP1	E_not_appl_Trt1	E_not_appl_HP1	E_Trt1_HP1	E_d7_Trt1_HP1	E_not_appl_Trt1_HP1	AB2057
B2058	2019-14-2058	CGATCA	CAAGRGTTHGATYMTGGCTCAG	Effluent	r2_i3	9/18/2019	Effluent d7 Trt1-Run2-HP2	Effluent at day 7	Treatment 1 Run 2 Heat pump 2	i	SeqRun_2	E	rstc_Run2	d7	not_appl	Trt1	HP2	7	HP2_rstc_Run2	E_d7	E_not_appl	E_Trt1	E_HP2	E_d7_Trt1	E_d7_HP2	E_not_appl_Trt1	E_not_appl_HP2	E_Trt1_HP2	E_d7_Trt1_HP2	E_not_appl_Trt1_HP2	AB2058
B2059	2019-14-2059	CGCAAC	CAAGRGTTHGATYMTGGCTCAG	Effluent	r2_i3	9/18/2019	Effluent d7 Trt2-Run2-HP1	Effluent at day 7	Treatment 2 Run 2 Heat pump 1	c	SeqRun_2	E	rstc_Run2	d7	not_appl	Trt2	HP1	7	HP1_rstc_Run2	E_d7	E_not_appl	E_Trt2	E_HP1	E_d7_Trt2	E_d7_HP1	E_not_appl_Trt2	E_not_appl_HP1	E_Trt2_HP1	E_d7_Trt2_HP1	E_not_appl_Trt2_HP1	AB2059
B2060	2019-14-2060	CGCGCT	CAAGRGTTHGATYMTGGCTCAG	Effluent	r2_i3	9/18/2019	Effluent d7 Trt2-Run2-HP2	Effluent at day 7	Treatment 2 Run 2 Heat pump 2	f	SeqRun_2	E	rstc_Run2	d7	not_appl	Trt2	HP2	7	HP2_rstc_Run2	E_d7	E_not_appl	E_Trt2	E_HP2	E_d7_Trt2	E_d7_HP2	E_not_appl_Trt2	E_not_appl_HP2	E_Trt2_HP2	E_d7_Trt2_HP2	E_not_appl_Trt2_HP2	AB2060
B2061	2019-14-2061	CGTCAG	CAAGRGTTHGATYMTGGCTCAG	Effluent	r2_i3	9/18/2019	Effluent d7 Trt3-Run2-HP1	Effluent at day 7	Treatment 3 Run 2 Heat pump 1	e	SeqRun_2	E	rstc_Run2	d7	not_appl	Trt3	HP1	7	HP1_rstc_Run2	E_d7	E_not_appl	E_Trt3	E_HP1	E_d7_Trt3	E_d7_HP1	E_not_appl_Trt3	E_not_appl_HP1	E_Trt3_HP1	E_d7_Trt3_HP1	E_not_appl_Trt3_HP1	AB2061
B2062	2019-14-2062	CTAAGA	CAAGRGTTHGATYMTGGCTCAG	Effluent	r2_i3	9/18/2019	Effluent d7 Trt3-Run2-HP2	Effluent at day 7	Treatment 3 Run 2 Heat pump 2	h	SeqRun_2	E	rstc_Run2	d7	not_appl	Trt3	HP2	7	HP2_rstc_Run2	E_d7	E_not_appl	E_Trt3	E_HP2	E_d7_Trt3	E_d7_HP2	E_not_appl_Trt3	E_not_appl_HP2	E_Trt3_HP2	E_d7_Trt3_HP2	E_not_appl_Trt3_HP2	AB2062
B2063	2019-14-2063	CTCCAT	CAAGRGTTHGATYMTGGCTCAG	Effluent	r2_i3	9/18/2019	Effluent d7 Trt4-Run2-HP1	Effluent at day 7	Treatment 4 Run 2 Heat pump 1	d	SeqRun_2	E	rstc_Run2	d7	not_appl	Trt4	HP1	7	HP1_rstc_Run2	E_d7	E_not_appl	E_Trt4	E_HP1	E_d7_Trt4	E_d7_HP1	E_not_appl_Trt4	E_not_appl_HP1	E_Trt4_HP1	E_d7_Trt4_HP1	E_not_appl_Trt4_HP1	AB2063
B2064	2019-14-2064	CTCGGC	CAAGRGTTHGATYMTGGCTCAG	Effluent	r2_i3	9/18/2019	Effluent d7 Trt4-Run2-HP2	Effluent at day 7	Treatment 4 Run 2 Heat pump 2	j	SeqRun_2	E	rstc_Run2	d7	not_appl	Trt4	HP2	7	HP2_rstc_Run2	E_d7	E_not_appl	E_Trt4	E_HP2	E_d7_Trt4	E_d7_HP2	E_not_appl_Trt4	E_not_appl_HP2	E_Trt4_HP2	E_d7_Trt4_HP2	E_not_appl_Trt4_HP2	AB2064
B2065	2019-14-2065	GACCTT	CAAGRGTTHGATYMTGGCTCAG	Effluent	r2_i3	9/18/2019	Effluent d7 Trt5-Run2-HP1	Effluent at day 7	Treatment 5 Run 2 Heat pump 1	a	SeqRun_2	E	rstc_Run2	d7	not_appl	Trt5	HP1	7	HP1_rstc_Run2	E_d7	E_not_appl	E_Trt5	E_HP1	E_d7_Trt5	E_d7_HP1	E_not_appl_Trt5	E_not_appl_HP1	E_Trt5_HP1	E_d7_Trt5_HP1	E_not_appl_Trt5_HP1	AB2065
B2066	2019-14-2066	GACGAC	CAAGRGTTHGATYMTGGCTCAG	Effluent	r2_i3	9/18/2019	Effluent d7 Trt5-Run2-HP2	Effluent at day 7	Treatment 5 Run 2 Heat pump 2	g	SeqRun_2	E	rstc_Run2	d7	not_appl	Trt5	HP2	7	HP2_rstc_Run2	E_d7	E_not_appl	E_Trt5	E_HP2	E_d7_Trt5	E_d7_HP2	E_not_appl_Trt5	E_not_appl_HP2	E_Trt5_HP2	E_d7_Trt5_HP2	E_not_appl_Trt5_HP2	AB2066
B2067	2019-14-2067	GATTAG	CAAGRGTTHGATYMTGGCTCAG	Effluent	r2_i3	9/24/2019	Effluent d13 Trt1-Run2-HP1	Effluent at day 13	Treatment 1 Run 2 Heat pump 1	b	SeqRun_2	E	rstc_Run2	d13	not_appl	Trt1	HP1	13	HP1_rstc_Run2	E_d13	E_not_appl	E_Trt1	E_HP1	E_d13_Trt1	E_d13_HP1	E_not_appl_Trt1	E_not_appl_HP1	E_Trt1_HP1	E_d13_Trt1_HP1	E_not_appl_Trt1_HP1	AB2067
B2068	2019-14-2068	GCATCC	CAAGRGTTHGATYMTGGCTCAG	Effluent	r2_i3	9/24/2019	Effluent d13 Trt1-Run2-HP2	Effluent at day 13	Treatment 1 Run 2 Heat pump 2	i	SeqRun_2	E	rstc_Run2	d13	not_appl	Trt1	HP2	13	HP2_rstc_Run2	E_d13	E_not_appl	E_Trt1	E_HP2	E_d13_Trt1	E_d13_HP2	E_not_appl_Trt1	E_not_appl_HP2	E_Trt1_HP2	E_d13_Trt1_HP2	E_not_appl_Trt1_HP2	AB2068
B2014	2019-14-2014	GGCTTC	CAAGRGTTHGATYMTGGCTCAG	Feed residue	r2_i9	9/24/2019	Feed residue d13 (48h) Trt2-Run2-HP2	Feed residue at day 13 from 48h bag	Treatment 2 Run 2 Heat pump 2	f	SeqRun_2	FR	rstc_Run2	d13	d13h48	Trt2	HP2	13	HP2_rstc_Run2	FR_d13	FR_d13h48	FR_Trt2	FR_HP2	FR_d13_Trt2	FR_d13_HP2	FR_d13h48_Trt2	FR_d13h48_HP2	FR_Trt2_HP2	FR_d13_Trt2_HP2	FR_d13h48_Trt2_HP2	AB2014
B2015	2019-14-2015	GGTACC	CAAGRGTTHGATYMTGGCTCAG	Feed residue	r2_i9	9/24/2019	Feed residue d13 (24h) Trt3-Run2-HP1	Feed residue at day 13 from 24h bag	Treatment 3 Run 2 Heat pump 1	e	SeqRun_2	FR	rstc_Run2	d13	d13h24	Trt3	HP1	13	HP1_rstc_Run2	FR_d13	FR_d13h24	FR_Trt3	FR_HP1	FR_d13_Trt3	FR_d13_HP1	FR_d13h24_Trt3	FR_d13h24_HP1	FR_Trt3_HP1	FR_d13_Trt3_HP1	FR_d13h24_Trt3_HP1	AB2015
B2016	2019-14-2016	GTAATC	CAAGRGTTHGATYMTGGCTCAG	Feed residue	r2_i9	9/24/2019	Feed residue d13 (48h) Trt3-Run2-HP1	Feed residue at day 13 from 48h bag	Treatment 3 Run 2 Heat pump 1	e	SeqRun_2	FR	rstc_Run2	d13	d13h48	Trt3	HP1	13	HP1_rstc_Run2	FR_d13	FR_d13h48	FR_Trt3	FR_HP1	FR_d13_Trt3	FR_d13_HP1	FR_d13h48_Trt3	FR_d13h48_HP1	FR_Trt3_HP1	FR_d13_Trt3_HP1	FR_d13h48_Trt3_HP1	AB2016
B2017	2019-14-2017	GTACGT	CAAGRGTTHGATYMTGGCTCAG	Feed residue	r2_i9	9/24/2019	Feed residue d13 (24h) Trt3-Run2-HP2	Feed residue at day 13 from 24h bag	Treatment 3 Run 2 Heat pump 2	h	SeqRun_2	FR	rstc_Run2	d13	d13h24	Trt3	HP2	13	HP2_rstc_Run2	FR_d13	FR_d13h24	FR_Trt3	FR_HP2	FR_d13_Trt3	FR_d13_HP2	FR_d13h24_Trt3	FR_d13h24_HP2	FR_Trt3_HP2	FR_d13_Trt3_HP2	FR_d13h24_Trt3_HP2	AB2017
B2018	2019-14-2018	GTCAAG	CAAGRGTTHGATYMTGGCTCAG	Feed residue	r2_i9	9/24/2019	Feed residue d13 (48h) Trt3-Run2-HP2	Feed residue at day 13 from 48h bag	Treatment 3 Run 2 Heat pump 2	h	SeqRun_2	FR	rstc_Run2	d13	d13h48	Trt3	HP2	13	HP2_rstc_Run2	FR_d13	FR_d13h48	FR_Trt3	FR_HP2	FR_d13_Trt3	FR_d13_HP2	FR_d13h48_Trt3	FR_d13h48_HP2	FR_Trt3_HP2	FR_d13_Trt3_HP2	FR_d13h48_Trt3_HP2	AB2018
B2019	2019-14-2019	GTCTCT	CAAGRGTTHGATYMTGGCTCAG	Feed residue	r2_i9	9/24/2019	Feed residue d13 (24h) Trt4-Run2-HP1	Feed residue at day 13 from 24h bag	Treatment 4 Run 2 Heat pump 1	d	SeqRun_2	FR	rstc_Run2	d13	d13h24	Trt4	HP1	13	HP1_rstc_Run2	FR_d13	FR_d13h24	FR_Trt4	FR_HP1	FR_d13_Trt4	FR_d13_HP1	FR_d13h24_Trt4	FR_d13h24_HP1	FR_Trt4_HP1	FR_d13_Trt4_HP1	FR_d13h24_Trt4_HP1	AB2019
B2020	2019-14-2020	TACGGT	CAAGRGTTHGATYMTGGCTCAG	Feed residue	r2_i9	9/24/2019	Feed residue d13 (48h) Trt4-Run2-HP1	Feed residue at day 13 from 48h bag	Treatment 4 Run 2 Heat pump 1	d	SeqRun_2	FR	rstc_Run2	d13	d13h48	Trt4	HP1	13	HP1_rstc_Run2	FR_d13	FR_d13h48	FR_Trt4	FR_HP1	FR_d13_Trt4	FR_d13_HP1	FR_d13h48_Trt4	FR_d13h48_HP1	FR_Trt4_HP1	FR_d13_Trt4_HP1	FR_d13h48_Trt4_HP1	AB2020
B2021	2019-14-2021	TACTTG	CAAGRGTTHGATYMTGGCTCAG	Feed residue	r2_i9	9/24/2019	Feed residue d13 (24h) Trt4-Run2-HP2	Feed residue at day 13 from 24h bag	Treatment 4 Run 2 Heat pump 2	j	SeqRun_2	FR	rstc_Run2	d13	d13h24	Trt4	HP2	13	HP2_rstc_Run2	FR_d13	FR_d13h24	FR_Trt4	FR_HP2	FR_d13_Trt4	FR_d13_HP2	FR_d13h24_Trt4	FR_d13h24_HP2	FR_Trt4_HP2	FR_d13_Trt4_HP2	FR_d13h24_Trt4_HP2	AB2021
B2022	2019-14-2022	TATCTC	CAAGRGTTHGATYMTGGCTCAG	Feed residue	r2_i9	9/24/2019	Feed residue d13 (48h) Trt4-Run2-HP2	Feed residue at day 13 from 48h bag	Treatment 4 Run 2 Heat pump 2	j	SeqRun_2	FR	rstc_Run2	d13	d13h48	Trt4	HP2	13	HP2_rstc_Run2	FR_d13	FR_d13h48	FR_Trt4	FR_HP2	FR_d13_Trt4	FR_d13_HP2	FR_d13h48_Trt4	FR_d13h48_HP2	FR_Trt4_HP2	FR_d13_Trt4_HP2	FR_d13h48_Trt4_HP2	AB2022
B2023	2019-14-2023	TCATAA	CAAGRGTTHGATYMTGGCTCAG	Feed residue	r2_i9	9/24/2019	Feed residue d13 (24h) Trt5-Run2-HP1	Feed residue at day 13 from 24h bag	Treatment 5 Run 2 Heat pump 1	a	SeqRun_2	FR	rstc_Run2	d13	d13h24	Trt5	HP1	13	HP1_rstc_Run2	FR_d13	FR_d13h24	FR_Trt5	FR_HP1	FR_d13_Trt5	FR_d13_HP1	FR_d13h24_Trt5	FR_d13h24_HP1	FR_Trt5_HP1	FR_d13_Trt5_HP1	FR_d13h24_Trt5_HP1	AB2023
B2024	2019-14-2024	TCCGAG	CAAGRGTTHGATYMTGGCTCAG	Feed residue	r2_i9	9/24/2019	Feed residue d13 (48h) Trt5-Run2-HP1	Feed residue at day 13 from 48h bag	Treatment 5 Run 2 Heat pump 1	a	SeqRun_2	FR	rstc_Run2	d13	d13h48	Trt5	HP1	13	HP1_rstc_Run2	FR_d13	FR_d13h48	FR_Trt5	FR_HP1	FR_d13_Trt5	FR_d13_HP1	FR_d13h48_Trt5	FR_d13h48_HP1	FR_Trt5_HP1	FR_d13_Trt5_HP1	FR_d13h48_Trt5_HP1	AB2024
B2025	2019-14-2025	TCGCCG	CAAGRGTTHGATYMTGGCTCAG	Feed residue	r2_i9	9/24/2019	Feed residue d13 (24h) Trt5-Run2-HP2	Feed residue at day 13 from 24h bag	Treatment 5 Run 2 Heat pump 2	g	SeqRun_2	FR	rstc_Run2	d13	d13h24	Trt5	HP2	13	HP2_rstc_Run2	FR_d13	FR_d13h24	FR_Trt5	FR_HP2	FR_d13_Trt5	FR_d13_HP2	FR_d13h24_Trt5	FR_d13h24_HP2	FR_Trt5_HP2	FR_d13_Trt5_HP2	FR_d13h24_Trt5_HP2	AB2025
B2069	2019-14-2069	GCCAGC	CAAGRGTTHGATYMTGGCTCAG	Effluent	r2_i4	9/24/2019	Effluent d13 Trt2-Run2-HP1	Effluent at day 13	Treatment 2 Run 2 Heat pump 1	c	SeqRun_2	E	rstc_Run2	d13	not_appl	Trt2	HP1	13	HP1_rstc_Run2	E_d13	E_not_appl	E_Trt2	E_HP1	E_d13_Trt2	E_d13_HP1	E_not_appl_Trt2	E_not_appl_HP1	E_Trt2_HP1	E_d13_Trt2_HP1	E_not_appl_Trt2_HP1	AB2069
B2070	2019-14-2070	GCGACT	CAAGRGTTHGATYMTGGCTCAG	Effluent	r2_i4	9/24/2019	Effluent d13 Trt2-Run2-HP2	Effluent at day 13	Treatment 2 Run 2 Heat pump 2	f	SeqRun_2	E	rstc_Run2	d13	not_appl	Trt2	HP2	13	HP2_rstc_Run2	E_d13	E_not_appl	E_Trt2	E_HP2	E_d13_Trt2	E_d13_HP2	E_not_appl_Trt2	E_not_appl_HP2	E_Trt2_HP2	E_d13_Trt2_HP2	E_not_appl_Trt2_HP2	AB2070
B2071	2019-14-2071	GCTCAT	CAAGRGTTHGATYMTGGCTCAG	Effluent	r2_i4	9/24/2019	Effluent d13 Trt3-Run2-HP1	Effluent at day 13	Treatment 3 Run 2 Heat pump 1	e	SeqRun_2	E	rstc_Run2	d13	not_appl	Trt3	HP1	13	HP1_rstc_Run2	E_d13	E_not_appl	E_Trt3	E_HP1	E_d13_Trt3	E_d13_HP1	E_not_appl_Trt3	E_not_appl_HP1	E_Trt3_HP1	E_d13_Trt3_HP1	E_not_appl_Trt3_HP1	AB2071
B2072	2019-14-2072	GGCCAA	CAAGRGTTHGATYMTGGCTCAG	Effluent	r2_i4	9/24/2019	Effluent d13 Trt3-Run2-HP2	Effluent at day 13	Treatment 3 Run 2 Heat pump 2	h	SeqRun_2	E	rstc_Run2	d13	not_appl	Trt3	HP2	13	HP2_rstc_Run2	E_d13	E_not_appl	E_Trt3	E_HP2	E_d13_Trt3	E_d13_HP2	E_not_appl_Trt3	E_not_appl_HP2	E_Trt3_HP2	E_d13_Trt3_HP2	E_not_appl_Trt3_HP2	AB2072
B2073	2019-14-2073	GGCTTC	CAAGRGTTHGATYMTGGCTCAG	Effluent	r2_i4	9/24/2019	Effluent d13 Trt4-Run2-HP1	Effluent at day 13	Treatment 4 Run 2 Heat pump 1	d	SeqRun_2	E	rstc_Run2	d13	not_appl	Trt4	HP1	13	HP1_rstc_Run2	E_d13	E_not_appl	E_Trt4	E_HP1	E_d13_Trt4	E_d13_HP1	E_not_appl_Trt4	E_not_appl_HP1	E_Trt4_HP1	E_d13_Trt4_HP1	E_not_appl_Trt4_HP1	AB2073
B2074	2019-14-2074	GGTACC	CAAGRGTTHGATYMTGGCTCAG	Effluent	r2_i4	9/24/2019	Effluent d13 Trt4-Run2-HP2	Effluent at day 13	Treatment 4 Run 2 Heat pump 2	j	SeqRun_2	E	rstc_Run2	d13	not_appl	Trt4	HP2	13	HP2_rstc_Run2	E_d13	E_not_appl	E_Trt4	E_HP2	E_d13_Trt4	E_d13_HP2	E_not_appl_Trt4	E_not_appl_HP2	E_Trt4_HP2	E_d13_Trt4_HP2	E_not_appl_Trt4_HP2	AB2074
B2075	2019-14-2075	GTAATC	CAAGRGTTHGATYMTGGCTCAG	Effluent	r2_i4	9/24/2019	Effluent d13 Trt5-Run2-HP1	Effluent at day 13	Treatment 5 Run 2 Heat pump 1	a	SeqRun_2	E	rstc_Run2	d13	not_appl	Trt5	HP1	13	HP1_rstc_Run2	E_d13	E_not_appl	E_Trt5	E_HP1	E_d13_Trt5	E_d13_HP1	E_not_appl_Trt5	E_not_appl_HP1	E_Trt5_HP1	E_d13_Trt5_HP1	E_not_appl_Trt5_HP1	AB2075
B2076	2019-14-2076	GTACGT	CAAGRGTTHGATYMTGGCTCAG	Effluent	r2_i4	9/24/2019	Effluent d13 Trt5-Run2-HP2	Effluent at day 13	Treatment 5 Run 2 Heat pump 2	g	SeqRun_2	E	rstc_Run2	d13	not_appl	Trt5	HP2	13	HP2_rstc_Run2	E_d13	E_not_appl	E_Trt5	E_HP2	E_d13_Trt5	E_d13_HP2	E_not_appl_Trt5	E_not_appl_HP2	E_Trt5_HP2	E_d13_Trt5_HP2	E_not_appl_Trt5_HP2	AB2076
