#SampleID	Smpl_no	BarcodeSequence	LinkerPrimerSequence	BodySite	Run_index	Date of Sampling	Sample Name	Description	Description 2	Fermenter	SeqRun	BS	rstc_run	Day	Day_hour	Treatment	Source	Day_num	Src_rstcRun	BS_Day	BS_Dh	BS_Trt	BS_Src	BS_Day_Trt	BS_Day_Src	BS_Dh_Trt	BS_Dh_Src	BS_Trt_Src	BS_Day_Trt_Src	BS_Dh_Trt_Src	NewID	observed_features	shannon_entropy	faith_pd	pielou_evenness	Day_Trt
A1048	2019-14-1048	CCAATT	CAGYGCASCAGKCGMGAA	Fermenter liquid	r2_i5	9/3/2019	Fermenter liquid d13 Trt1-Run1-HP2	Fermenter liquid at day 13	Treatment 1 Run 1 Heat pump 2	j	SeqRun_2	FL	rstc_Run1	d13	not_appl	Trt1	HP2	13	HP2_rstc_Run1	FL_d13	FL_not_appl	FL_Trt1	FL_HP2	FL_d13_Trt1	FL_d13_HP2	FL_not_appl_Trt1	FL_not_appl_HP2	FL_Trt1_HP2	FL_d13_Trt1_HP2	FL_not_appl_Trt1_HP2	AB1048	30	3.3596089390647323	1.3946688273979726	0.6846716619423826	d13_Trt1
A1049	2019-14-1049	CCAGAT	CAGYGCASCAGKCGMGAA	Fermenter liquid	r2_i5	9/3/2019	Fermenter liquid d13 Trt2-Run1-HP1	Fermenter liquid at day 13	Treatment 2 Run 1 Heat pump 1	d	SeqRun_2	FL	rstc_Run1	d13	not_appl	Trt2	HP1	13	HP1_rstc_Run1	FL_d13	FL_not_appl	FL_Trt2	FL_HP1	FL_d13_Trt2	FL_d13_HP1	FL_not_appl_Trt2	FL_not_appl_HP1	FL_Trt2_HP1	FL_d13_Trt2_HP1	FL_not_appl_Trt2_HP1	AB1049	28	2.663426002157084	1.384074814606021	0.5540314882798598	d13_Trt2
A1050	2019-14-1050	CCAGCG	CAGYGCASCAGKCGMGAA	Fermenter liquid	r2_i5	9/3/2019	Fermenter liquid d13 Trt2-Run1-HP2	Fermenter liquid at day 13	Treatment 2 Run 1 Heat pump 2	h	SeqRun_2	FL	rstc_Run1	d13	not_appl	Trt2	HP2	13	HP2_rstc_Run1	FL_d13	FL_not_appl	FL_Trt2	FL_HP2	FL_d13_Trt2	FL_d13_HP2	FL_not_appl_Trt2	FL_not_appl_HP2	FL_Trt2_HP2	FL_d13_Trt2_HP2	FL_not_appl_Trt2_HP2	AB1050	32	3.364843414033404	1.3866596675475926	0.6729686828066808	d13_Trt2
A1051	2019-14-1051	CCAGGC	CAGYGCASCAGKCGMGAA	Fermenter liquid	r2_i5	9/3/2019	Fermenter liquid d13 Trt3-Run1-HP1	Fermenter liquid at day 13	Treatment 3 Run 1 Heat pump 1	a	SeqRun_2	FL	rstc_Run1	d13	not_appl	Trt3	HP1	13	HP1_rstc_Run1	FL_d13	FL_not_appl	FL_Trt3	FL_HP1	FL_d13_Trt3	FL_d13_HP1	FL_not_appl_Trt3	FL_not_appl_HP1	FL_Trt3_HP1	FL_d13_Trt3_HP1	FL_not_appl_Trt3_HP1	AB1051	29	2.8465928814817434	1.3902444489881094	0.5859621279574377	d13_Trt3
A1052	2019-14-1052	GAATCT	CAGYGCASCAGKCGMGAA	Fermenter liquid	r2_i5	9/3/2019	Fermenter liquid d13 Trt3-Run1-HP2	Fermenter liquid at day 13	Treatment 3 Run 1 Heat pump 2	g	SeqRun_2	FL	rstc_Run1	d13	not_appl	Trt3	HP2	13	HP2_rstc_Run1	FL_d13	FL_not_appl	FL_Trt3	FL_HP2	FL_d13_Trt3	FL_d13_HP2	FL_not_appl_Trt3	FL_not_appl_HP2	FL_Trt3_HP2	FL_d13_Trt3_HP2	FL_not_appl_Trt3_HP2	AB1052	30	2.7861598709984574	1.3867242835403033	0.5678055821118093	d13_Trt3
A1053	2019-14-1053	GGAATG	CAGYGCASCAGKCGMGAA	Fermenter liquid	r2_i5	9/3/2019	Fermenter liquid d13 Trt4-Run1-HP1	Fermenter liquid at day 13	Treatment 4 Run 1 Heat pump 1	c	SeqRun_2	FL	rstc_Run1	d13	not_appl	Trt4	HP1	13	HP1_rstc_Run1	FL_d13	FL_not_appl	FL_Trt4	FL_HP1	FL_d13_Trt4	FL_d13_HP1	FL_not_appl_Trt4	FL_not_appl_HP1	FL_Trt4_HP1	FL_d13_Trt4_HP1	FL_not_appl_Trt4_HP1	AB1053	27	2.378289295604225	1.3538303464826402	0.5001778263990696	d13_Trt4
A1054	2019-14-1054	GGACCT	CAGYGCASCAGKCGMGAA	Fermenter liquid	r2_i5	9/3/2019	Fermenter liquid d13 Trt4-Run1-HP2	Fermenter liquid at day 13	Treatment 4 Run 1 Heat pump 2	f	SeqRun_2	FL	rstc_Run1	d13	not_appl	Trt4	HP2	13	HP2_rstc_Run1	FL_d13	FL_not_appl	FL_Trt4	FL_HP2	FL_d13_Trt4	FL_d13_HP2	FL_not_appl_Trt4	FL_not_appl_HP2	FL_Trt4_HP2	FL_d13_Trt4_HP2	FL_not_appl_Trt4_HP2	AB1054	27	2.4979089597123654	1.4099708736000958	0.5253350281317526	d13_Trt4
A1055	2019-14-1055	GGAGTA	CAGYGCASCAGKCGMGAA	Fermenter liquid	r2_i5	9/3/2019	Fermenter liquid d13 Trt5-Run1-HP1	Fermenter liquid at day 13	Treatment 5 Run 1 Heat pump 1	b	SeqRun_2	FL	rstc_Run1	d13	not_appl	Trt5	HP1	13	HP1_rstc_Run1	FL_d13	FL_not_appl	FL_Trt5	FL_HP1	FL_d13_Trt5	FL_d13_HP1	FL_not_appl_Trt5	FL_not_appl_HP1	FL_Trt5_HP1	FL_d13_Trt5_HP1	FL_not_appl_Trt5_HP1	AB1055	29	2.614329003277255	1.3917647293944118	0.5381513443340677	d13_Trt5
A1056	2019-14-1056	GGCAGG	CAGYGCASCAGKCGMGAA	Fermenter liquid	r2_i5	9/3/2019	Fermenter liquid d13 Trt5-Run1-HP2	Fermenter liquid at day 13	Treatment 5 Run 1 Heat pump 2	i	SeqRun_2	FL	rstc_Run1	d13	not_appl	Trt5	HP2	13	HP2_rstc_Run1	FL_d13	FL_not_appl	FL_Trt5	FL_HP2	FL_d13_Trt5	FL_d13_HP2	FL_not_appl_Trt5	FL_not_appl_HP2	FL_Trt5_HP2	FL_d13_Trt5_HP2	FL_not_appl_Trt5_HP2	AB1056	25	2.3948206939650563	1.3113505659800229	0.5156965668399025	d13_Trt5
A1057	2019-14-1057	TAGAAT	CAGYGCASCAGKCGMGAA	Effluent	r2_i5	8/28/2019	Effluent d7 Trt1-Run1-HP1	Effluent at day 7	Treatment 1 Run 1 Heat pump 1	e	SeqRun_2	E	rstc_Run1	d7	not_appl	Trt1	HP1	7	HP1_rstc_Run1	E_d7	E_not_appl	E_Trt1	E_HP1	E_d7_Trt1	E_d7_HP1	E_not_appl_Trt1	E_not_appl_HP1	E_Trt1_HP1	E_d7_Trt1_HP1	E_not_appl_Trt1_HP1	AB1057	39	4.336083104275135	1.4220161446750303	0.8203884822238814	d7_Trt1
A1058	2019-14-1058	CAAGAG	CAGYGCASCAGKCGMGAA	Effluent	r2_i5	8/28/2019	Effluent d7 Trt1-Run1-HP2	Effluent at day 7	Treatment 1 Run 1 Heat pump 2	j	SeqRun_2	E	rstc_Run1	d7	not_appl	Trt1	HP2	7	HP2_rstc_Run1	E_d7	E_not_appl	E_Trt1	E_HP2	E_d7_Trt1	E_d7_HP2	E_not_appl_Trt1	E_not_appl_HP2	E_Trt1_HP2	E_d7_Trt1_HP2	E_not_appl_Trt1_HP2	AB1058	43	4.0528481206578215	1.4379190934770052	0.7468946510849565	d7_Trt1
A1059	2019-14-1059	CAATTC	CAGYGCASCAGKCGMGAA	Effluent	r2_i5	8/28/2019	Effluent d7 Trt2-Run1-HP1	Effluent at day 7	Treatment 2 Run 1 Heat pump 1	d	SeqRun_2	E	rstc_Run1	d7	not_appl	Trt2	HP1	7	HP1_rstc_Run1	E_d7	E_not_appl	E_Trt2	E_HP1	E_d7_Trt2	E_d7_HP1	E_not_appl_Trt2	E_not_appl_HP1	E_Trt2_HP1	E_d7_Trt2_HP1	E_not_appl_Trt2_HP1	AB1059	41	3.980006870074024	1.4684806623457445	0.7428778790468766	d7_Trt2
A1060	2019-14-1060	CAGGCC	CAGYGCASCAGKCGMGAA	Effluent	r2_i5	8/28/2019	Effluent d7 Trt2-Run1-HP2	Effluent at day 7	Treatment 2 Run 1 Heat pump 2	h	SeqRun_2	E	rstc_Run1	d7	not_appl	Trt2	HP2	7	HP2_rstc_Run1	E_d7	E_not_appl	E_Trt2	E_HP2	E_d7_Trt2	E_d7_HP2	E_not_appl_Trt2	E_not_appl_HP2	E_Trt2_HP2	E_d7_Trt2_HP2	E_not_appl_Trt2_HP2	AB1060	41	4.0631469508365	1.4352821024980535	0.7583961755917932	d7_Trt2
A1061	2019-14-1061	CCAACG	CAGYGCASCAGKCGMGAA	Effluent	r2_i5	8/28/2019	Effluent d7 Trt3-Run1-HP1	Effluent at day 7	Treatment 3 Run 1 Heat pump 1	a	SeqRun_2	E	rstc_Run1	d7	not_appl	Trt3	HP1	7	HP1_rstc_Run1	E_d7	E_not_appl	E_Trt3	E_HP1	E_d7_Trt3	E_d7_HP1	E_not_appl_Trt3	E_not_appl_HP1	E_Trt3_HP1	E_d7_Trt3_HP1	E_not_appl_Trt3_HP1	AB1061	39	3.625448479852025	1.4361545758527758	0.6859361557978929	d7_Trt3
A1062	2019-14-1062	GTTCCG	CAGYGCASCAGKCGMGAA	Effluent	r2_i5	8/28/2019	Effluent d7 Trt3-Run1-HP2	Effluent at day 7	Treatment 3 Run 1 Heat pump 2	g	SeqRun_2	E	rstc_Run1	d7	not_appl	Trt3	HP2	7	HP2_rstc_Run1	E_d7	E_not_appl	E_Trt3	E_HP2	E_d7_Trt3	E_d7_HP2	E_not_appl_Trt3	E_not_appl_HP2	E_Trt3_HP2	E_d7_Trt3_HP2	E_not_appl_Trt3_HP2	AB1062	40	3.7743678310074484	1.4542145660004464	0.7092106025696562	d7_Trt3
A1063	2019-14-1063	TACGGT	CAGYGCASCAGKCGMGAA	Effluent	r2_i5	8/28/2019	Effluent d7 Trt4-Run1-HP1	Effluent at day 7	Treatment 4 Run 1 Heat pump 1	c	SeqRun_2	E	rstc_Run1	d7	not_appl	Trt4	HP1	7	HP1_rstc_Run1	E_d7	E_not_appl	E_Trt4	E_HP1	E_d7_Trt4	E_d7_HP1	E_not_appl_Trt4	E_not_appl_HP1	E_Trt4_HP1	E_d7_Trt4_HP1	E_not_appl_Trt4_HP1	AB1063	35	3.3863970210536976	1.4052794241203812	0.6602086509686605	d7_Trt4
A1064	2019-14-1064	TACTTG	CAGYGCASCAGKCGMGAA	Effluent	r2_i5	8/28/2019	Effluent d7 Trt4-Run1-HP2	Effluent at day 7	Treatment 4 Run 1 Heat pump 2	f	SeqRun_2	E	rstc_Run1	d7	not_appl	Trt4	HP2	7	HP2_rstc_Run1	E_d7	E_not_appl	E_Trt4	E_HP2	E_d7_Trt4	E_d7_HP2	E_not_appl_Trt4	E_not_appl_HP2	E_Trt4_HP2	E_d7_Trt4_HP2	E_not_appl_Trt4_HP2	AB1064	40	3.8927775109517375	1.433351877911115	0.7314599974944096	d7_Trt4
A1065	2019-14-1065	TATCTC	CAGYGCASCAGKCGMGAA	Effluent	r2_i5	8/28/2019	Effluent d7 Trt5-Run1-HP1	Effluent at day 7	Treatment 5 Run 1 Heat pump 1	b	SeqRun_2	E	rstc_Run1	d7	not_appl	Trt5	HP1	7	HP1_rstc_Run1	E_d7	E_not_appl	E_Trt5	E_HP1	E_d7_Trt5	E_d7_HP1	E_not_appl_Trt5	E_not_appl_HP1	E_Trt5_HP1	E_d7_Trt5_HP1	E_not_appl_Trt5_HP1	AB1065	33	3.1804222954745804	1.4024587862878364	0.6304864806794809	d7_Trt5
A1066	2019-14-1066	TCATAA	CAGYGCASCAGKCGMGAA	Effluent	r2_i5	8/28/2019	Effluent d7 Trt5-Run1-HP2	Effluent at day 7	Treatment 5 Run 1 Heat pump 2	i	SeqRun_2	E	rstc_Run1	d7	not_appl	Trt5	HP2	7	HP2_rstc_Run1	E_d7	E_not_appl	E_Trt5	E_HP2	E_d7_Trt5	E_d7_HP2	E_not_appl_Trt5	E_not_appl_HP2	E_Trt5_HP2	E_d7_Trt5_HP2	E_not_appl_Trt5_HP2	AB1066	39	3.784461833468837	1.4265254442146018	0.7160215394701772	d7_Trt5
A1067	2019-14-1067	TCCGAG	CAGYGCASCAGKCGMGAA	Effluent	r2_i5	9/3/2019	Effluent d13 Trt1-Run1-HP1	Effluent at day 13	Treatment 1 Run 1 Heat pump 1	e	SeqRun_2	E	rstc_Run1	d13	not_appl	Trt1	HP1	13	HP1_rstc_Run1	E_d13	E_not_appl	E_Trt1	E_HP1	E_d13_Trt1	E_d13_HP1	E_not_appl_Trt1	E_not_appl_HP1	E_Trt1_HP1	E_d13_Trt1_HP1	E_not_appl_Trt1_HP1	AB1067	36	3.7147023755377835	1.4612897592815828	0.7185215210088061	d13_Trt1
A1068	2019-14-1068	AACCGT	CAGYGCASCAGKCGMGAA	Effluent	r2_i5	9/3/2019	Effluent d13 Trt1-Run1-HP2	Effluent at day 13	Treatment 1 Run 1 Heat pump 2	j	SeqRun_2	E	rstc_Run1	d13	not_appl	Trt1	HP2	13	HP2_rstc_Run1	E_d13	E_not_appl	E_Trt1	E_HP2	E_d13_Trt1	E_d13_HP2	E_not_appl_Trt1	E_not_appl_HP2	E_Trt1_HP2	E_d13_Trt1_HP2	E_not_appl_Trt1_HP2	AB1068	34	3.6422837383747435	1.4135979859447818	0.7159332366700066	d13_Trt1
A1069	2019-14-1069	AACGCG	CAGYGCASCAGKCGMGAA	Effluent	r2_i5	9/3/2019	Effluent d13 Trt2-Run1-HP1	Effluent at day 13	Treatment 2 Run 1 Heat pump 1	d	SeqRun_2	E	rstc_Run1	d13	not_appl	Trt2	HP1	13	HP1_rstc_Run1	E_d13	E_not_appl	E_Trt2	E_HP1	E_d13_Trt2	E_d13_HP1	E_not_appl_Trt2	E_not_appl_HP1	E_Trt2_HP1	E_d13_Trt2_HP1	E_not_appl_Trt2_HP1	AB1069	35	3.3910694584813785	1.4321556059350211	0.6611195847994211	d13_Trt2
A1070	2019-14-1070	AATAAC	CAGYGCASCAGKCGMGAA	Effluent	r2_i5	9/3/2019	Effluent d13 Trt2-Run1-HP2	Effluent at day 13	Treatment 2 Run 1 Heat pump 2	h	SeqRun_2	E	rstc_Run1	d13	not_appl	Trt2	HP2	13	HP2_rstc_Run1	E_d13	E_not_appl	E_Trt2	E_HP2	E_d13_Trt2	E_d13_HP2	E_not_appl_Trt2	E_not_appl_HP2	E_Trt2_HP2	E_d13_Trt2_HP2	E_not_appl_Trt2_HP2	AB1070	32	3.4430547810483985	1.3866596625475929	0.6886109562096796	d13_Trt2
A1071	2019-14-1071	GTCCAT	CAGYGCASCAGKCGMGAA	Effluent	r2_i5	9/3/2019	Effluent d13 Trt3-Run1-HP1	Effluent at day 13	Treatment 3 Run 1 Heat pump 1	a	SeqRun_2	E	rstc_Run1	d13	not_appl	Trt3	HP1	13	HP1_rstc_Run1	E_d13	E_not_appl	E_Trt3	E_HP1	E_d13_Trt3	E_d13_HP1	E_not_appl_Trt3	E_not_appl_HP1	E_Trt3_HP1	E_d13_Trt3_HP1	E_not_appl_Trt3_HP1	AB1071	28	2.6352446423196456	1.3981988787243518	0.5481693540512982	d13_Trt3
A1072	2019-14-1072	TTGATT	CAGYGCASCAGKCGMGAA	Effluent	r2_i5	9/3/2019	Effluent d13 Trt3-Run1-HP2	Effluent at day 13	Treatment 3 Run 1 Heat pump 2	g	SeqRun_2	E	rstc_Run1	d13	not_appl	Trt3	HP2	13	HP2_rstc_Run1	E_d13	E_not_appl	E_Trt3	E_HP2	E_d13_Trt3	E_d13_HP2	E_not_appl_Trt3	E_not_appl_HP2	E_Trt3_HP2	E_d13_Trt3_HP2	E_not_appl_Trt3_HP2	AB1072	24	3.0787235022063206	1.2927922849953042	0.6714828096679256	d13_Trt3
A1073	2019-14-1073	AACTAC	CAGYGCASCAGKCGMGAA	Effluent	r2_i5	9/3/2019	Effluent d13 Trt4-Run1-HP1	Effluent at day 13	Treatment 4 Run 1 Heat pump 1	c	SeqRun_2	E	rstc_Run1	d13	not_appl	Trt4	HP1	13	HP1_rstc_Run1	E_d13	E_not_appl	E_Trt4	E_HP1	E_d13_Trt4	E_d13_HP1	E_not_appl_Trt4	E_not_appl_HP1	E_Trt4_HP1	E_d13_Trt4_HP1	E_not_appl_Trt4_HP1	AB1073	30	3.0013109840908574	1.3644324783119663	0.6116523133360497	d13_Trt4
A1074	2019-14-1074	AACTCT	CAGYGCASCAGKCGMGAA	Effluent	r2_i5	9/3/2019	Effluent d13 Trt4-Run1-HP2	Effluent at day 13	Treatment 4 Run 1 Heat pump 2	f	SeqRun_2	E	rstc_Run1	d13	not_appl	Trt4	HP2	13	HP2_rstc_Run1	E_d13	E_not_appl	E_Trt4	E_HP2	E_d13_Trt4	E_d13_HP2	E_not_appl_Trt4	E_not_appl_HP2	E_Trt4_HP2	E_d13_Trt4_HP2	E_not_appl_Trt4_HP2	AB1074	33	3.167454670054549	1.408329309150377	0.6279157803905667	d13_Trt4
A1075	2019-14-1075	AACTGG	CAGYGCASCAGKCGMGAA	Effluent	r2_i5	9/3/2019	Effluent d13 Trt5-Run1-HP1	Effluent at day 13	Treatment 5 Run 1 Heat pump 1	b	SeqRun_2	E	rstc_Run1	d13	not_appl	Trt5	HP1	13	HP1_rstc_Run1	E_d13	E_not_appl	E_Trt5	E_HP1	E_d13_Trt5	E_d13_HP1	E_not_appl_Trt5	E_not_appl_HP1	E_Trt5_HP1	E_d13_Trt5_HP1	E_not_appl_Trt5_HP1	AB1075	32	3.1501653146585498	1.4564202863024076	0.6300330629317099	d13_Trt5
A1076	2019-14-1076	AATGGA	CAGYGCASCAGKCGMGAA	Effluent	r2_i5	9/3/2019	Effluent d13 Trt5-Run1-HP2	Effluent at day 13	Treatment 5 Run 1 Heat pump 2	i	SeqRun_2	E	rstc_Run1	d13	not_appl	Trt5	HP2	13	HP2_rstc_Run1	E_d13	E_not_appl	E_Trt5	E_HP2	E_d13_Trt5	E_d13_HP2	E_not_appl_Trt5	E_not_appl_HP2	E_Trt5_HP2	E_d13_Trt5_HP2	E_not_appl_Trt5_HP2	AB1076	28	2.2397246040798917	1.325977138918777	0.4658954124238581	d13_Trt5
A2000	2019-14-2000	CCAAGG	CAGYGCASCAGKCGMGAA	Rumen solid phase	r2_i5	9/11/2019	SP d0-C1-Run2	Rumen solid phase from day 0 (start)	From cow 1 Run 2		SeqRun_2	RSP	rstc_Run2	d0	not_appl	not_appl	C1	0	C1_rstc_Run2	RSP_d0	RSP_not_appl	RSP_not_appl	RSP_C1	RSP_d0_not_appl	RSP_d0_C1	RSP_not_appl_not_appl	RSP_not_appl_C1	RSP_not_appl_C1	RSP_d0_not_appl_C1	RSP_not_appl_not_appl_C1	AB2000	23	2.9231207225643785	0.8241477256152749	0.6461988917053172	d0_not_appl
A2001	2019-14-2001	AGTCTC	CAGYGCASCAGKCGMGAA	Rumen solid phase	r2_i5	9/11/2019	SP d0-C2-Run2	Rumen solid phase from day 0 (start)	From cow 2 Run 2		SeqRun_2	RSP	rstc_Run2	d0	not_appl	not_appl	C2	0	C2_rstc_Run2	RSP_d0	RSP_not_appl	RSP_not_appl	RSP_C2	RSP_d0_not_appl	RSP_d0_C2	RSP_not_appl_not_appl	RSP_not_appl_C2	RSP_not_appl_C2	RSP_d0_not_appl_C2	RSP_not_appl_not_appl_C2	AB2001	23	2.5865501441381777	0.8122634638651123	0.5717950078421735	d0_not_appl
A2002	2019-14-2002	CAACTT	CAGYGCASCAGKCGMGAA	Rumen solid phase	r2_i5	9/11/2019	SP d0-C3-Run2	Rumen solid phase from day 0 (start)	From cow 3 Run 2		SeqRun_2	RSP	rstc_Run2	d0	not_appl	not_appl	C3	0	C3_rstc_Run2	RSP_d0	RSP_not_appl	RSP_not_appl	RSP_C3	RSP_d0_not_appl	RSP_d0_C3	RSP_not_appl_not_appl	RSP_not_appl_C3	RSP_not_appl_C3	RSP_d0_not_appl_C3	RSP_not_appl_not_appl_C3	AB2002	37	3.0660545503100294	1.2846119578262425	0.5885559069478026	d0_not_appl
A2003	2019-14-2003	CAGTAA	CAGYGCASCAGKCGMGAA	Rumen fluid	r2_i5	9/11/2019	RF d0-C1-Run2	Rumen fluid from day 0 (start)	From cow 1 Run 2		SeqRun_2	RF	rstc_Run2	d0	not_appl	not_appl	C1	0	C1_rstc_Run2	RF_d0	RF_not_appl	RF_not_appl	RF_C1	RF_d0_not_appl	RF_d0_C1	RF_not_appl_not_appl	RF_not_appl_C1	RF_not_appl_C1	RF_d0_not_appl_C1	RF_not_appl_not_appl_C1	AB2003	27	3.3001164261890925	1.2058047456818688	0.6940472145108676	d0_not_appl
A2004	2019-14-2004	CCTAAC	CAGYGCASCAGKCGMGAA	Rumen fluid	r2_i5	9/11/2019	RF d0-C2-Run2	Rumen fluid from day 0 (start)	From cow 2 Run 2		SeqRun_2	RF	rstc_Run2	d0	not_appl	not_appl	C2	0	C2_rstc_Run2	RF_d0	RF_not_appl	RF_not_appl	RF_C2	RF_d0_not_appl	RF_d0_C2	RF_not_appl_not_appl	RF_not_appl_C2	RF_not_appl_C2	RF_d0_not_appl_C2	RF_not_appl_not_appl_C2	AB2004	22	2.4784648748587963	1.1415116167745505	0.555780441727271	d0_not_appl
A2005	2019-14-2005	CGAGAG	CAGYGCASCAGKCGMGAA	Rumen fluid	r2_i5	9/11/2019	RF d0-C3-Run2	Rumen fluid from day 0 (start)	From cow 3 Run 2		SeqRun_2	RF	rstc_Run2	d0	not_appl	not_appl	C3	0	C3_rstc_Run2	RF_d0	RF_not_appl	RF_not_appl	RF_C3	RF_d0_not_appl	RF_d0_C3	RF_not_appl_not_appl	RF_not_appl_C3	RF_not_appl_C3	RF_d0_not_appl_C3	RF_not_appl_not_appl_C3	AB2005	33	3.364114295156697	1.2738101118557092	0.6669015575619903	d0_not_appl
A2006	2019-14-2006	GCTCCA	CAGYGCASCAGKCGMGAA	Rumen fluid	r2_i5	9/11/2019	RF d0-mixed-Run2	Rumen fluid from day 0 (start)	From cow 1-3 and mixed with buffer Run 2		SeqRun_2	RF	rstc_Run2	d0	not_appl	not_appl	mixC	0	mixC_rstc_Run2	RF_d0	RF_not_appl	RF_not_appl	RF_mixC	RF_d0_not_appl	RF_d0_mixC	RF_not_appl_not_appl	RF_not_appl_mixC	RF_not_appl_mixC	RF_d0_not_appl_mixC	RF_not_appl_not_appl_mixC	AB2006	33	2.9853082861430567	1.610027111550956	0.5918071061669401	d0_not_appl
A2007	2019-14-2007	GGTTAT	CAGYGCASCAGKCGMGAA	Feed residue	r2_i5	9/24/2019	Feed residue d13 (24h) Trt1-Run2-HP1	Feed residue at day 13 from 24h bag	Treatment 1 Run 2 Heat pump 1	b	SeqRun_2	FR	rstc_Run2	d13	d13h24	Trt1	HP1	13	HP1_rstc_Run2	FR_d13	FR_d13h24	FR_Trt1	FR_HP1	FR_d13_Trt1	FR_d13_HP1	FR_d13h24_Trt1	FR_d13h24_HP1	FR_Trt1_HP1	FR_d13_Trt1_HP1	FR_d13h24_Trt1_HP1	AB2007	24	2.3892885853336603	1.3881333463930274	0.5211140952533101	d13_Trt1
A2008	2019-14-2008	AACGCA	CAGYGCASCAGKCGMGAA	Feed residue	r2_i5	9/24/2019	Feed residue d13 (48h) Trt1-Run2-HP1	Feed residue at day 13 from 48h bag	Treatment 1 Run 2 Heat pump 1	b	SeqRun_2	FR	rstc_Run2	d13	d13h48	Trt1	HP1	13	HP1_rstc_Run2	FR_d13	FR_d13h48	FR_Trt1	FR_HP1	FR_d13_Trt1	FR_d13_HP1	FR_d13h48_Trt1	FR_d13h48_HP1	FR_Trt1_HP1	FR_d13_Trt1_HP1	FR_d13h48_Trt1_HP1	AB2008	27	3.017028027786042	1.3907325272901834	0.6345109166964092	d13_Trt1
A2009	2019-14-2009	AACTGC	CAGYGCASCAGKCGMGAA	Feed residue	r2_i5	9/24/2019	Feed residue d13 (24h) Trt1-Run2-HP2	Feed residue at day 13 from 24h bag	Treatment 1 Run 2 Heat pump 2	i	SeqRun_2	FR	rstc_Run2	d13	d13h24	Trt1	HP2	13	HP2_rstc_Run2	FR_d13	FR_d13h24	FR_Trt1	FR_HP2	FR_d13_Trt1	FR_d13_HP2	FR_d13h24_Trt1	FR_d13h24_HP2	FR_Trt1_HP2	FR_d13_Trt1_HP2	FR_d13h24_Trt1_HP2	AB2009	31	3.0427209642550777	1.4125854164989669	0.6141704473590935	d13_Trt1
A2010	2019-14-2010	AGTTGG	CAGYGCASCAGKCGMGAA	Feed residue	r2_i5	9/24/2019	Feed residue d13 (48h) Trt1-Run2-HP2	Feed residue at day 13 from 48h bag	Treatment 1 Run 2 Heat pump 2	i	SeqRun_2	FR	rstc_Run2	d13	d13h48	Trt1	HP2	13	HP2_rstc_Run2	FR_d13	FR_d13h48	FR_Trt1	FR_HP2	FR_d13_Trt1	FR_d13_HP2	FR_d13h48_Trt1	FR_d13h48_HP2	FR_Trt1_HP2	FR_d13_Trt1_HP2	FR_d13h48_Trt1_HP2	AB2010	24	2.612220744203233	1.3895195102715532	0.5697365559243643	d13_Trt1
A2011	2019-14-2011	ATAACT	CAGYGCASCAGKCGMGAA	Feed residue	r2_i5	9/24/2019	Feed residue d13 (24h) Trt2-Run2-HP1	Feed residue at day 13 from 24h bag	Treatment 2 Run 2 Heat pump 1	c	SeqRun_2	FR	rstc_Run2	d13	d13h24	Trt2	HP1	13	HP1_rstc_Run2	FR_d13	FR_d13h24	FR_Trt2	FR_HP1	FR_d13_Trt2	FR_d13_HP1	FR_d13h24_Trt2	FR_d13h24_HP1	FR_Trt2_HP1	FR_d13_Trt2_HP1	FR_d13h24_Trt2_HP1	AB2011	25	1.8293041609523015	1.3814195663377848	0.3939192098541368	d13_Trt2
A2012	2019-14-2012	ATAGAC	CAGYGCASCAGKCGMGAA	Feed residue	r2_i5	9/24/2019	Feed residue d13 (48h) Trt2-Run2-HP1	Feed residue at day 13 from 48h bag	Treatment 2 Run 2 Heat pump 1	c	SeqRun_2	FR	rstc_Run2	d13	d13h48	Trt2	HP1	13	HP1_rstc_Run2	FR_d13	FR_d13h48	FR_Trt2	FR_HP1	FR_d13_Trt2	FR_d13_HP1	FR_d13h48_Trt2	FR_d13h48_HP1	FR_Trt2_HP1	FR_d13_Trt2_HP1	FR_d13h48_Trt2_HP1	AB2012	21	2.8877536233702514	1.3582372720749714	0.6574555856082323	d13_Trt2
A2013	2019-14-2013	ATATTG	CAGYGCASCAGKCGMGAA	Feed residue	r2_i5	9/24/2019	Feed residue d13 (24h) Trt2-Run2-HP2	Feed residue at day 13 from 24h bag	Treatment 2 Run 2 Heat pump 2	f	SeqRun_2	FR	rstc_Run2	d13	d13h24	Trt2	HP2	13	HP2_rstc_Run2	FR_d13	FR_d13h24	FR_Trt2	FR_HP2	FR_d13_Trt2	FR_d13_HP2	FR_d13h24_Trt2	FR_d13h24_HP2	FR_Trt2_HP2	FR_d13_Trt2_HP2	FR_d13h24_Trt2_HP2	AB2013	27	2.8357073893804823	1.4218491918338128	0.5963773881275295	d13_Trt2
A1008	2019-14-1008	CCTATC	CAGYGCASCAGKCGMGAA	Feed residue	r2_i9	9/3/2019	Feed residue d13 (48h) Trt1-Run1-HP1	Feed residue at day 13 from 48h bag	Treatment 1 Run 1 Heat pump 1	e	SeqRun_2	FR	rstc_Run1	d13	d13h48	Trt1	HP1	13	HP1_rstc_Run1	FR_d13	FR_d13h48	FR_Trt1	FR_HP1	FR_d13_Trt1	FR_d13_HP1	FR_d13h48_Trt1	FR_d13h48_HP1	FR_Trt1_HP1	FR_d13_Trt1_HP1	FR_d13h48_Trt1_HP1	AB1008	34	3.774089059625976	1.4511769545088304	0.7418411057521204	d13_Trt1
A1009	2019-14-1009	CCTCAT	CAGYGCASCAGKCGMGAA	Feed residue	r2_i9	9/3/2019	Feed residue d13 (24h) Trt1-Run1-HP2	Feed residue at day 13 from 24h bag	Treatment 1 Run 1 Heat pump 2	j	SeqRun_2	FR	rstc_Run1	d13	d13h24	Trt1	HP2	13	HP2_rstc_Run1	FR_d13	FR_d13h24	FR_Trt1	FR_HP2	FR_d13_Trt1	FR_d13_HP2	FR_d13h24_Trt1	FR_d13h24_HP2	FR_Trt1_HP2	FR_d13_Trt1_HP2	FR_d13h24_Trt1_HP2	AB1009	30	2.583974003026808	1.4110270959440316	0.526601103627492	d13_Trt1
A1010	2019-14-1010	AATAAC	CAGYGCASCAGKCGMGAA	Feed residue	r2_i9	9/3/2019	Feed residue d13 (48h) Trt1-Run1-HP2	Feed residue at day 13 from 48h bag	Treatment 1 Run 1 Heat pump 2	j	SeqRun_2	FR	rstc_Run1	d13	d13h48	Trt1	HP2	13	HP2_rstc_Run1	FR_d13	FR_d13h48	FR_Trt1	FR_HP2	FR_d13_Trt1	FR_d13_HP2	FR_d13h48_Trt1	FR_d13h48_HP2	FR_Trt1_HP2	FR_d13_Trt1_HP2	FR_d13h48_Trt1_HP2	AB1010	33	3.323556767383672	1.4299083666059818	0.6588614388057296	d13_Trt1
A1011	2019-14-1011	GTCCAT	CAGYGCASCAGKCGMGAA	Feed residue	r2_i9	9/3/2019	Feed residue d13 (24h) Trt2-Run1-HP1	Feed residue at day 13 from 24h bag	Treatment 2 Run 1 Heat pump 1	d	SeqRun_2	FR	rstc_Run1	d13	d13h24	Trt2	HP1	13	HP1_rstc_Run1	FR_d13	FR_d13h24	FR_Trt2	FR_HP1	FR_d13_Trt2	FR_d13_HP1	FR_d13h24_Trt2	FR_d13h24_HP1	FR_Trt2_HP1	FR_d13_Trt2_HP1	FR_d13h24_Trt2_HP1	AB1011	27	3.1355503748244224	1.3402566430159966	0.659437341766288	d13_Trt2
A1012	2019-14-1012	TTGATT	CAGYGCASCAGKCGMGAA	Feed residue	r2_i9	9/3/2019	Feed residue d13 (48h) Trt2-Run1-HP1	Feed residue at day 13 from 48h bag	Treatment 2 Run 1 Heat pump 1	d	SeqRun_2	FR	rstc_Run1	d13	d13h48	Trt2	HP1	13	HP1_rstc_Run1	FR_d13	FR_d13h48	FR_Trt2	FR_HP1	FR_d13_Trt2	FR_d13_HP1	FR_d13h48_Trt2	FR_d13h48_HP1	FR_Trt2_HP1	FR_d13_Trt2_HP1	FR_d13h48_Trt2_HP1	AB1012	29	3.2116942892338662	1.436922934127535	0.6611170962700577	d13_Trt2
A1013	2019-14-1013	TTAATG	CAGYGCASCAGKCGMGAA	Feed residue	r2_i9	9/3/2019	Feed residue d13 (24h) Trt2-Run1-HP2	Feed residue at day 13 from 24h bag	Treatment 2 Run 1 Heat pump 2	h	SeqRun_2	FR	rstc_Run1	d13	d13h24	Trt2	HP2	13	HP2_rstc_Run1	FR_d13	FR_d13h24	FR_Trt2	FR_HP2	FR_d13_Trt2	FR_d13_HP2	FR_d13h24_Trt2	FR_d13h24_HP2	FR_Trt2_HP2	FR_d13_Trt2_HP2	FR_d13h24_Trt2_HP2	AB1013	30	3.3631212455148924	1.4275144183600696	0.6853874526007891	d13_Trt2
A1042	2019-14-1042	AACCGT	CAGYGCASCAGKCGMGAA	Fermenter liquid	r2_i9	8/28/2019	Fermenter liquid d7 Trt3-Run1-HP2	Fermenter liquid at day 7	Treatment 3 Run 1 Heat pump 2	g	SeqRun_2	FL	rstc_Run1	d7	not_appl	Trt3	HP2	7	HP2_rstc_Run1	FL_d7	FL_not_appl	FL_Trt3	FL_HP2	FL_d7_Trt3	FL_d7_HP2	FL_not_appl_Trt3	FL_not_appl_HP2	FL_Trt3_HP2	FL_d7_Trt3_HP2	FL_not_appl_Trt3_HP2	AB1042	29	2.800004820070181	1.2884796921268786	0.5763721230853955	d7_Trt3
A1043	2019-14-1043	AACGCG	CAGYGCASCAGKCGMGAA	Fermenter liquid	r2_i9	8/28/2019	Fermenter liquid d7 Trt4-Run1-HP1	Fermenter liquid at day 7	Treatment 4 Run 1 Heat pump 1	c	SeqRun_2	FL	rstc_Run1	d7	not_appl	Trt4	HP1	7	HP1_rstc_Run1	FL_d7	FL_not_appl	FL_Trt4	FL_HP1	FL_d7_Trt4	FL_d7_HP1	FL_not_appl_Trt4	FL_not_appl_HP1	FL_Trt4_HP1	FL_d7_Trt4_HP1	FL_not_appl_Trt4_HP1	AB1043	29	2.3956430309529724	1.3971422681864183	0.4931355296275839	d7_Trt4
A1044	2019-14-1044	AACTAC	CAGYGCASCAGKCGMGAA	Fermenter liquid	r2_i9	8/28/2019	Fermenter liquid d7 Trt4-Run1-HP2	Fermenter liquid at day 7	Treatment 4 Run 1 Heat pump 2	f	SeqRun_2	FL	rstc_Run1	d7	not_appl	Trt4	HP2	7	HP2_rstc_Run1	FL_d7	FL_not_appl	FL_Trt4	FL_HP2	FL_d7_Trt4	FL_d7_HP2	FL_not_appl_Trt4	FL_not_appl_HP2	FL_Trt4_HP2	FL_d7_Trt4_HP2	FL_not_appl_Trt4_HP2	AB1044	30	3.121297225504512	1.3895437071191623	0.6361049150551583	d7_Trt4
A1045	2019-14-1045	AACTCT	CAGYGCASCAGKCGMGAA	Fermenter liquid	r2_i9	8/28/2019	Fermenter liquid d7 Trt5-Run1-HP1	Fermenter liquid at day 7	Treatment 5 Run 1 Heat pump 1	b	SeqRun_2	FL	rstc_Run1	d7	not_appl	Trt5	HP1	7	HP1_rstc_Run1	FL_d7	FL_not_appl	FL_Trt5	FL_HP1	FL_d7_Trt5	FL_d7_HP1	FL_not_appl_Trt5	FL_not_appl_HP1	FL_Trt5_HP1	FL_d7_Trt5_HP1	FL_not_appl_Trt5_HP1	AB1045	31	2.8143167610314483	1.2973482164424932	0.5680672675668916	d7_Trt5
A1046	2019-14-1046	AACTGG	CAGYGCASCAGKCGMGAA	Fermenter liquid	r2_i9	8/28/2019	Fermenter liquid d7 Trt5-Run1-HP2	Fermenter liquid at day 7	Treatment 5 Run 1 Heat pump 2	i	SeqRun_2	FL	rstc_Run1	d7	not_appl	Trt5	HP2	7	HP2_rstc_Run1	FL_d7	FL_not_appl	FL_Trt5	FL_HP2	FL_d7_Trt5	FL_d7_HP2	FL_not_appl_Trt5	FL_not_appl_HP2	FL_Trt5_HP2	FL_d7_Trt5_HP2	FL_not_appl_Trt5_HP2	AB1046	29	3.0033183686336065	1.286679392481325	0.6182235730534672	d7_Trt5
A1047	2019-14-1047	CCAAGG	CAGYGCASCAGKCGMGAA	Fermenter liquid	r2_i9	9/3/2019	Fermenter liquid d13 Trt1-Run1-HP1	Fermenter liquid at day 13	Treatment 1 Run 1 Heat pump 1	e	SeqRun_2	FL	rstc_Run1	d13	not_appl	Trt1	HP1	13	HP1_rstc_Run1	FL_d13	FL_not_appl	FL_Trt1	FL_HP1	FL_d13_Trt1	FL_d13_HP1	FL_not_appl_Trt1	FL_not_appl_HP1	FL_Trt1_HP1	FL_d13_Trt1_HP1	FL_not_appl_Trt1_HP1	AB1047	29	2.8541086548751813	1.352943976043016	0.5875092261039673	d13_Trt1
A2058	2019-14-2058	AATGGA	CAGYGCASCAGKCGMGAA	Effluent	r2_i9	9/18/2019	Effluent d7 Trt1-Run2-HP2	Effluent at day 7	Treatment 1 Run 2 Heat pump 2	i	SeqRun_2	E	rstc_Run2	d7	not_appl	Trt1	HP2	7	HP2_rstc_Run2	E_d7	E_not_appl	E_Trt1	E_HP2	E_d7_Trt1	E_d7_HP2	E_not_appl_Trt1	E_not_appl_HP2	E_Trt1_HP2	E_d7_Trt1_HP2	E_not_appl_Trt1_HP2	AB2058	43	4.0158812323893	1.4468091309018676	0.7400820663808123	d7_Trt1
A2059	2019-14-2059	ACGTTG	CAGYGCASCAGKCGMGAA	Effluent	r2_i9	9/18/2019	Effluent d7 Trt2-Run2-HP1	Effluent at day 7	Treatment 2 Run 2 Heat pump 1	c	SeqRun_2	E	rstc_Run2	d7	not_appl	Trt2	HP1	7	HP1_rstc_Run2	E_d7	E_not_appl	E_Trt2	E_HP1	E_d7_Trt2	E_d7_HP1	E_not_appl_Trt2	E_not_appl_HP1	E_Trt2_HP1	E_d7_Trt2_HP1	E_not_appl_Trt2_HP1	AB2059	40	3.978269324153288	1.46311896243449	0.7475240651926708	d7_Trt2
A2060	2019-14-2060	AGTCTC	CAGYGCASCAGKCGMGAA	Effluent	r2_i9	9/18/2019	Effluent d7 Trt2-Run2-HP2	Effluent at day 7	Treatment 2 Run 2 Heat pump 2	f	SeqRun_2	E	rstc_Run2	d7	not_appl	Trt2	HP2	7	HP2_rstc_Run2	E_d7	E_not_appl	E_Trt2	E_HP2	E_d7_Trt2	E_d7_HP2	E_not_appl_Trt2	E_not_appl_HP2	E_Trt2_HP2	E_d7_Trt2_HP2	E_not_appl_Trt2_HP2	AB2060	40	4.041490398762249	1.4352820974980536	0.7594034204717651	d7_Trt2
A2061	2019-14-2061	CAACTT	CAGYGCASCAGKCGMGAA	Effluent	r2_i9	9/18/2019	Effluent d7 Trt3-Run2-HP1	Effluent at day 7	Treatment 3 Run 2 Heat pump 1	e	SeqRun_2	E	rstc_Run2	d7	not_appl	Trt3	HP1	7	HP1_rstc_Run2	E_d7	E_not_appl	E_Trt3	E_HP1	E_d7_Trt3	E_d7_HP1	E_not_appl_Trt3	E_not_appl_HP1	E_Trt3_HP1	E_d7_Trt3_HP1	E_not_appl_Trt3_HP1	AB2061	35	3.4627871950349483	1.4255569697972188	0.6751016045703414	d7_Trt3
A2062	2019-14-2062	CAGTAA	CAGYGCASCAGKCGMGAA	Effluent	r2_i9	9/18/2019	Effluent d7 Trt3-Run2-HP2	Effluent at day 7	Treatment 3 Run 2 Heat pump 2	h	SeqRun_2	E	rstc_Run2	d7	not_appl	Trt3	HP2	7	HP2_rstc_Run2	E_d7	E_not_appl	E_Trt3	E_HP2	E_d7_Trt3	E_d7_HP2	E_not_appl_Trt3	E_not_appl_HP2	E_Trt3_HP2	E_d7_Trt3_HP2	E_not_appl_Trt3_HP2	AB2062	38	3.7587936809156033	1.4352820874980536	0.7162434449192988	d7_Trt3
A2063	2019-14-2063	CCTAAC	CAGYGCASCAGKCGMGAA	Effluent	r2_i9	9/18/2019	Effluent d7 Trt4-Run2-HP1	Effluent at day 7	Treatment 4 Run 2 Heat pump 1	d	SeqRun_2	E	rstc_Run2	d7	not_appl	Trt4	HP1	7	HP1_rstc_Run2	E_d7	E_not_appl	E_Trt4	E_HP1	E_d7_Trt4	E_d7_HP1	E_not_appl_Trt4	E_not_appl_HP1	E_Trt4_HP1	E_d7_Trt4_HP1	E_not_appl_Trt4_HP1	AB2063	30	3.1604319012294626	1.3016719514666129	0.6440803681373963	d7_Trt4
A2064	2019-14-2064	CGAGAG	CAGYGCASCAGKCGMGAA	Effluent	r2_i9	9/18/2019	Effluent d7 Trt4-Run2-HP2	Effluent at day 7	Treatment 4 Run 2 Heat pump 2	j	SeqRun_2	E	rstc_Run2	d7	not_appl	Trt4	HP2	7	HP2_rstc_Run2	E_d7	E_not_appl	E_Trt4	E_HP2	E_d7_Trt4	E_d7_HP2	E_not_appl_Trt4	E_not_appl_HP2	E_Trt4_HP2	E_d7_Trt4_HP2	E_not_appl_Trt4_HP2	AB2064	41	3.676278237288618	1.4631059523807437	0.686186197375173	d7_Trt4
A2065	2019-14-2065	CGCATA	CAGYGCASCAGKCGMGAA	Effluent	r2_i9	9/18/2019	Effluent d7 Trt5-Run2-HP1	Effluent at day 7	Treatment 5 Run 2 Heat pump 1	a	SeqRun_2	E	rstc_Run2	d7	not_appl	Trt5	HP1	7	HP1_rstc_Run2	E_d7	E_not_appl	E_Trt5	E_HP1	E_d7_Trt5	E_d7_HP1	E_not_appl_Trt5	E_not_appl_HP1	E_Trt5_HP1	E_d7_Trt5_HP1	E_not_appl_Trt5_HP1	AB2065	32	3.0257035608582115	1.4053333290827177	0.6051407121716422	d7_Trt5
A2066	2019-14-2066	GCTCCA	CAGYGCASCAGKCGMGAA	Effluent	r2_i9	9/18/2019	Effluent d7 Trt5-Run2-HP2	Effluent at day 7	Treatment 5 Run 2 Heat pump 2	g	SeqRun_2	E	rstc_Run2	d7	not_appl	Trt5	HP2	7	HP2_rstc_Run2	E_d7	E_not_appl	E_Trt5	E_HP2	E_d7_Trt5	E_d7_HP2	E_not_appl_Trt5	E_not_appl_HP2	E_Trt5_HP2	E_d7_Trt5_HP2	E_not_appl_Trt5_HP2	AB2066	36	3.736527172724696	1.4104173722604632	0.7227430130383466	d7_Trt5
A2067	2019-14-2067	GGTTAT	CAGYGCASCAGKCGMGAA	Effluent	r2_i9	9/24/2019	Effluent d13 Trt1-Run2-HP1	Effluent at day 13	Treatment 1 Run 2 Heat pump 1	b	SeqRun_2	E	rstc_Run2	d13	not_appl	Trt1	HP1	13	HP1_rstc_Run2	E_d13	E_not_appl	E_Trt1	E_HP1	E_d13_Trt1	E_d13_HP1	E_not_appl_Trt1	E_not_appl_HP1	E_Trt1_HP1	E_d13_Trt1_HP1	E_not_appl_Trt1_HP1	AB2067	32	3.5421400468342576	1.4225543204565618	0.7084280093668515	d13_Trt1
A2068	2019-14-2068	AACGCA	CAGYGCASCAGKCGMGAA	Effluent	r2_i9	9/24/2019	Effluent d13 Trt1-Run2-HP2	Effluent at day 13	Treatment 1 Run 2 Heat pump 2	i	SeqRun_2	E	rstc_Run2	d13	not_appl	Trt1	HP2	13	HP2_rstc_Run2	E_d13	E_not_appl	E_Trt1	E_HP2	E_d13_Trt1	E_d13_HP2	E_not_appl_Trt1	E_not_appl_HP2	E_Trt1_HP2	E_d13_Trt1_HP2	E_not_appl_Trt1_HP2	AB2068	32	3.447989014611264	1.3946655034423894	0.6895978029222528	d13_Trt1
A2069	2019-14-2069	AACTGC	CAGYGCASCAGKCGMGAA	Effluent	r2_i9	9/24/2019	Effluent d13 Trt2-Run2-HP1	Effluent at day 13	Treatment 2 Run 2 Heat pump 1	c	SeqRun_2	E	rstc_Run2	d13	not_appl	Trt2	HP1	13	HP1_rstc_Run2	E_d13	E_not_appl	E_Trt2	E_HP1	E_d13_Trt2	E_d13_HP1	E_not_appl_Trt2	E_not_appl_HP1	E_Trt2_HP1	E_d13_Trt2_HP1	E_not_appl_Trt2_HP1	AB2069	29	3.114611461041595	1.378906237060428	0.6411329036003781	d13_Trt2
A2070	2019-14-2070	AGTTGG	CAGYGCASCAGKCGMGAA	Effluent	r2_i9	9/24/2019	Effluent d13 Trt2-Run2-HP2	Effluent at day 13	Treatment 2 Run 2 Heat pump 2	f	SeqRun_2	E	rstc_Run2	d13	not_appl	Trt2	HP2	13	HP2_rstc_Run2	E_d13	E_not_appl	E_Trt2	E_HP2	E_d13_Trt2	E_d13_HP2	E_not_appl_Trt2	E_not_appl_HP2	E_Trt2_HP2	E_d13_Trt2_HP2	E_not_appl_Trt2_HP2	AB2070	35	3.368494789151103	1.4258711332801766	0.6567184493472149	d13_Trt2
A2071	2019-14-2071	ATAACT	CAGYGCASCAGKCGMGAA	Effluent	r2_i9	9/24/2019	Effluent d13 Trt3-Run2-HP1	Effluent at day 13	Treatment 3 Run 2 Heat pump 1	e	SeqRun_2	E	rstc_Run2	d13	not_appl	Trt3	HP1	13	HP1_rstc_Run2	E_d13	E_not_appl	E_Trt3	E_HP1	E_d13_Trt3	E_d13_HP1	E_not_appl_Trt3	E_not_appl_HP1	E_Trt3_HP1	E_d13_Trt3_HP1	E_not_appl_Trt3_HP1	AB2071	31	2.9408850451566315	1.4061541247413951	0.5936149601078234	d13_Trt3
A2072	2019-14-2072	ATAGAC	CAGYGCASCAGKCGMGAA	Effluent	r2_i9	9/24/2019	Effluent d13 Trt3-Run2-HP2	Effluent at day 13	Treatment 3 Run 2 Heat pump 2	h	SeqRun_2	E	rstc_Run2	d13	not_appl	Trt3	HP2	13	HP2_rstc_Run2	E_d13	E_not_appl	E_Trt3	E_HP2	E_d13_Trt3	E_d13_HP2	E_not_appl_Trt3	E_not_appl_HP2	E_Trt3_HP2	E_d13_Trt3_HP2	E_not_appl_Trt3_HP2	AB2072	32	3.266257690535139	1.4008985799386795	0.6532515381070277	d13_Trt3
A2073	2019-14-2073	ATATTG	CAGYGCASCAGKCGMGAA	Effluent	r2_i9	9/24/2019	Effluent d13 Trt4-Run2-HP1	Effluent at day 13	Treatment 4 Run 2 Heat pump 1	d	SeqRun_2	E	rstc_Run2	d13	not_appl	Trt4	HP1	13	HP1_rstc_Run2	E_d13	E_not_appl	E_Trt4	E_HP1	E_d13_Trt4	E_d13_HP1	E_not_appl_Trt4	E_not_appl_HP1	E_Trt4_HP1	E_d13_Trt4_HP1	E_not_appl_Trt4_HP1	AB2073	31	2.781864829375108	1.4415212255541916	0.5615168748042345	d13_Trt4
A2074	2019-14-2074	CAAGAG	CAGYGCASCAGKCGMGAA	Effluent	r2_i9	9/24/2019	Effluent d13 Trt4-Run2-HP2	Effluent at day 13	Treatment 4 Run 2 Heat pump 2	j	SeqRun_2	E	rstc_Run2	d13	not_appl	Trt4	HP2	13	HP2_rstc_Run2	E_d13	E_not_appl	E_Trt4	E_HP2	E_d13_Trt4	E_d13_HP2	E_not_appl_Trt4	E_not_appl_HP2	E_Trt4_HP2	E_d13_Trt4_HP2	E_not_appl_Trt4_HP2	AB2074	32	2.8353143232512283	1.4200340960755642	0.5670628646502458	d13_Trt4
A2075	2019-14-2075	CAATTC	CAGYGCASCAGKCGMGAA	Effluent	r2_i9	9/24/2019	Effluent d13 Trt5-Run2-HP1	Effluent at day 13	Treatment 5 Run 2 Heat pump 1	a	SeqRun_2	E	rstc_Run2	d13	not_appl	Trt5	HP1	13	HP1_rstc_Run2	E_d13	E_not_appl	E_Trt5	E_HP1	E_d13_Trt5	E_d13_HP1	E_not_appl_Trt5	E_not_appl_HP1	E_Trt5_HP1	E_d13_Trt5_HP1	E_not_appl_Trt5_HP1	AB2075	29	2.9366967004654687	1.3824392764130136	0.604509713687826	d13_Trt5
A2076	2019-14-2076	CAGGCC	CAGYGCASCAGKCGMGAA	Effluent	r2_i9	9/24/2019	Effluent d13 Trt5-Run2-HP2	Effluent at day 13	Treatment 5 Run 2 Heat pump 2	g	SeqRun_2	E	rstc_Run2	d13	not_appl	Trt5	HP2	13	HP2_rstc_Run2	E_d13	E_not_appl	E_Trt5	E_HP2	E_d13_Trt5	E_d13_HP2	E_not_appl_Trt5	E_not_appl_HP2	E_Trt5_HP2	E_d13_Trt5_HP2	E_not_appl_Trt5_HP2	AB2076	28	2.556725399429836	1.4278142723547331	0.5318362053317103	d13_Trt5
A1000	2019-14-1000	TCGCAT	CAGYGCASCAGKCGMGAA	Rumen solid phase	r2_i4	8/21/2019	SP d0-C1-Run1	Rumen solid phase from day 0 (start)	From cow 1 Run 1		SeqRun_2	RSP	rstc_Run1	d0	not_appl	not_appl	C1	0	C1_rstc_Run1	RSP_d0	RSP_not_appl	RSP_not_appl	RSP_C1	RSP_d0_not_appl	RSP_d0_C1	RSP_not_appl_not_appl	RSP_not_appl_C1	RSP_not_appl_C1	RSP_d0_not_appl_C1	RSP_not_appl_not_appl_C1	AB1000	30	3.3283283545569176	1.2112478072464672	0.6782968337495939	d0_not_appl
A1001	2019-14-1001	TCTGAC	CAGYGCASCAGKCGMGAA	Rumen solid phase	r2_i4	8/21/2019	SP d0-C2-Run1	Rumen solid phase from day 0 (start)	From cow 2 Run 1		SeqRun_2	RSP	rstc_Run1	d0	not_appl	not_appl	C2	0	C2_rstc_Run1	RSP_d0	RSP_not_appl	RSP_not_appl	RSP_C2	RSP_d0_not_appl	RSP_d0_C2	RSP_not_appl_not_appl	RSP_not_appl_C2	RSP_not_appl_C2	RSP_d0_not_appl_C2	RSP_not_appl_not_appl_C2	AB1001	16	2.240748375227989	0.7231561730469087	0.5601870938069974	d0_not_appl
A1002	2019-14-1002	AAGCGG	CAGYGCASCAGKCGMGAA	Rumen solid phase	r2_i4	8/21/2019	SP d0-C3-Run1	Rumen solid phase from day 0 (start)	From cow 3 Run 1		SeqRun_2	RSP	rstc_Run1	d0	not_appl	not_appl	C3	0	C3_rstc_Run1	RSP_d0	RSP_not_appl	RSP_not_appl	RSP_C3	RSP_d0_not_appl	RSP_d0_C3	RSP_not_appl_not_appl	RSP_not_appl_C3	RSP_not_appl_C3	RSP_d0_not_appl_C3	RSP_not_appl_not_appl_C3	AB1002	37	2.9655480154342357	1.4809688811456416	0.5692628011607505	d0_not_appl
A1003	2019-14-1003	AAGCTA	CAGYGCASCAGKCGMGAA	Rumen fluid	r2_i4	8/21/2019	RF d0-C1-Run1	Rumen fluid from day 0 (start)	From cow 1 Run 1		SeqRun_2	RF	rstc_Run1	d0	not_appl	not_appl	C1	0	C1_rstc_Run1	RF_d0	RF_not_appl	RF_not_appl	RF_C1	RF_d0_not_appl	RF_d0_C1	RF_not_appl_not_appl	RF_not_appl_C1	RF_not_appl_C1	RF_d0_not_appl_C1	RF_not_appl_not_appl_C1	AB1003	19	3.1162069140334983	0.8070720658360457	0.733582883458231	d0_not_appl
A1004	2019-14-1004	AAGGAT	CAGYGCASCAGKCGMGAA	Rumen fluid	r2_i4	8/21/2019	RF d0-C2-Run1	Rumen fluid from day 0 (start)	From cow 2 Run 1		SeqRun_2	RF	rstc_Run1	d0	not_appl	not_appl	C2	0	C2_rstc_Run1	RF_d0	RF_not_appl	RF_not_appl	RF_C2	RF_d0_not_appl	RF_d0_C2	RF_not_appl_not_appl	RF_not_appl_C2	RF_not_appl_C2	RF_d0_not_appl_C2	RF_not_appl_not_appl_C2	AB1004	26	2.188734392068571	0.8597464097560876	0.4656446041891079	d0_not_appl
A1005	2019-14-1005	AAGGCA	CAGYGCASCAGKCGMGAA	Rumen fluid	r2_i4	8/21/2019	RF d0-C3-Run1	Rumen fluid from day 0 (start)	From cow 3 Run 1		SeqRun_2	RF	rstc_Run1	d0	not_appl	not_appl	C3	0	C3_rstc_Run1	RF_d0	RF_not_appl	RF_not_appl	RF_C3	RF_d0_not_appl	RF_d0_C3	RF_not_appl_not_appl	RF_not_appl_C3	RF_not_appl_C3	RF_d0_not_appl_C3	RF_not_appl_not_appl_C3	AB1005	32	3.2714648676724933	1.2096121085259526	0.6542929735344988	d0_not_appl
A1006	2019-14-1006	AAGTAA	CAGYGCASCAGKCGMGAA	Rumen fluid	r2_i4	8/21/2019	RF d0-mixed-Run1	Rumen fluid from day 0 (start)	From cow 1-3 and mixed with buffer Run 1		SeqRun_2	RF	rstc_Run1	d0	not_appl	not_appl	mixC	0	mixC_rstc_Run1	RF_d0	RF_not_appl	RF_not_appl	RF_mixC	RF_d0_not_appl	RF_d0_mixC	RF_not_appl_not_appl	RF_not_appl_mixC	RF_not_appl_mixC	RF_d0_not_appl_mixC	RF_not_appl_not_appl_mixC	AB1006	33	3.5431765616537807	1.1482044326816063	0.7023988367713826	d0_not_appl
A1007	2019-14-1007	AAGTCG	CAGYGCASCAGKCGMGAA	Feed residue	r2_i4	9/3/2019	Feed residue d13 (24h) Trt1-Run1-HP1	Feed residue at day 13 from 24h bag	Treatment 1 Run 1 Heat pump 1	e	SeqRun_2	FR	rstc_Run1	d13	d13h24	Trt1	HP1	13	HP1_rstc_Run1	FR_d13	FR_d13h24	FR_Trt1	FR_HP1	FR_d13_Trt1	FR_d13_HP1	FR_d13h24_Trt1	FR_d13h24_HP1	FR_Trt1_HP1	FR_d13_Trt1_HP1	FR_d13h24_Trt1_HP1	AB1007	32	3.0113987909680127	1.430098885082474	0.6022797581936025	d13_Trt1
A1014	2019-14-1014	AACCAG	CAGYGCASCAGKCGMGAA	Feed residue	r2_i4	9/3/2019	Feed residue d13 (48h) Trt2-Run1-HP2	Feed residue at day 13 from 48h bag	Treatment 2 Run 1 Heat pump 2	h	SeqRun_2	FR	rstc_Run1	d13	d13h48	Trt2	HP2	13	HP2_rstc_Run1	FR_d13	FR_d13h48	FR_Trt2	FR_HP2	FR_d13_Trt2	FR_d13_HP2	FR_d13h48_Trt2	FR_d13h48_HP2	FR_Trt2_HP2	FR_d13_Trt2_HP2	FR_d13h48_Trt2_HP2	AB1014	36	3.7485605769508887	1.4436147282514522	0.7250705911410921	d13_Trt2
A1015	2019-14-1015	AAGACC	CAGYGCASCAGKCGMGAA	Feed residue	r2_i4	9/3/2019	Feed residue d13 (24h) Trt3-Run1-HP1	Feed residue at day 13 from 24h bag	Treatment 3 Run 1 Heat pump 1	a	SeqRun_2	FR	rstc_Run1	d13	d13h24	Trt3	HP1	13	HP1_rstc_Run1	FR_d13	FR_d13h24	FR_Trt3	FR_HP1	FR_d13_Trt3	FR_d13_HP1	FR_d13h24_Trt3	FR_d13h24_HP1	FR_Trt3_HP1	FR_d13_Trt3_HP1	FR_d13h24_Trt3_HP1	AB1015	27	3.1816605491702297	1.4030206320865457	0.6691347687453336	d13_Trt3
A1016	2019-14-1016	AATGGA	CAGYGCASCAGKCGMGAA	Feed residue	r2_i4	9/3/2019	Feed residue d13 (48h) Trt3-Run1-HP1	Feed residue at day 13 from 48h bag	Treatment 3 Run 1 Heat pump 1	a	SeqRun_2	FR	rstc_Run1	d13	d13h48	Trt3	HP1	13	HP1_rstc_Run1	FR_d13	FR_d13h48	FR_Trt3	FR_HP1	FR_d13_Trt3	FR_d13_HP1	FR_d13h48_Trt3	FR_d13h48_HP1	FR_Trt3_HP1	FR_d13_Trt3_HP1	FR_d13h48_Trt3_HP1	AB1016	31	3.5246712247392016	1.4189442199247333	0.7114516672158191	d13_Trt3
A1017	2019-14-1017	ACGTTG	CAGYGCASCAGKCGMGAA	Feed residue	r2_i4	9/3/2019	Feed residue d13 (24h) Trt3-Run1-HP2	Feed residue at day 13 from 24h bag	Treatment 3 Run 1 Heat pump 2	g	SeqRun_2	FR	rstc_Run1	d13	d13h24	Trt3	HP2	13	HP2_rstc_Run1	FR_d13	FR_d13h24	FR_Trt3	FR_HP2	FR_d13_Trt3	FR_d13_HP2	FR_d13h24_Trt3	FR_d13h24_HP2	FR_Trt3_HP2	FR_d13_Trt3_HP2	FR_d13h24_Trt3_HP2	AB1017	30	3.6559283058294247	1.3956280740384557	0.7450600812460221	d13_Trt3
A1018	2019-14-1018	AGTCTC	CAGYGCASCAGKCGMGAA	Feed residue	r2_i4	9/3/2019	Feed residue d13 (48h) Trt3-Run1-HP2	Feed residue at day 13 from 48h bag	Treatment 3 Run 1 Heat pump 2	g	SeqRun_2	FR	rstc_Run1	d13	d13h48	Trt3	HP2	13	HP2_rstc_Run1	FR_d13	FR_d13h48	FR_Trt3	FR_HP2	FR_d13_Trt3	FR_d13_HP2	FR_d13h48_Trt3	FR_d13h48_HP2	FR_Trt3_HP2	FR_d13_Trt3_HP2	FR_d13h48_Trt3_HP2	AB1018	29	3.2224997769281947	1.410989770188491	0.6633413716851255	d13_Trt3
A1019	2019-14-1019	CAACTT	CAGYGCASCAGKCGMGAA	Feed residue	r2_i4	9/3/2019	Feed residue d13 (24h) Trt4-Run1-HP1	Feed residue at day 13 from 24h bag	Treatment 4 Run 1 Heat pump 1	c	SeqRun_2	FR	rstc_Run1	d13	d13h24	Trt4	HP1	13	HP1_rstc_Run1	FR_d13	FR_d13h24	FR_Trt4	FR_HP1	FR_d13_Trt4	FR_d13_HP1	FR_d13h24_Trt4	FR_d13h24_HP1	FR_Trt4_HP1	FR_d13_Trt4_HP1	FR_d13h24_Trt4_HP1	AB1019	29	2.7845437924341763	1.4172088255698236	0.5731895195199406	d13_Trt4
A1020	2019-14-1020	CAGTAA	CAGYGCASCAGKCGMGAA	Feed residue	r2_i4	9/3/2019	Feed residue d13 (48h) Trt4-Run1-HP1	Feed residue at day 13 from 48h bag	Treatment 4 Run 1 Heat pump 1	c	SeqRun_2	FR	rstc_Run1	d13	d13h48	Trt4	HP1	13	HP1_rstc_Run1	FR_d13	FR_d13h48	FR_Trt4	FR_HP1	FR_d13_Trt4	FR_d13_HP1	FR_d13h48_Trt4	FR_d13h48_HP1	FR_Trt4_HP1	FR_d13_Trt4_HP1	FR_d13h48_Trt4_HP1	AB1020	32	3.2833504690213933	1.4278237663441795	0.6566700938042785	d13_Trt4
A1021	2019-14-1021	CCTAAC	CAGYGCASCAGKCGMGAA	Feed residue	r2_i4	9/3/2019	Feed residue d13 (24h) Trt4-Run1-HP2	Feed residue at day 13 from 24h bag	Treatment 4 Run 1 Heat pump 2	f	SeqRun_2	FR	rstc_Run1	d13	d13h24	Trt4	HP2	13	HP2_rstc_Run1	FR_d13	FR_d13h24	FR_Trt4	FR_HP2	FR_d13_Trt4	FR_d13_HP2	FR_d13h24_Trt4	FR_d13h24_HP2	FR_Trt4_HP2	FR_d13_Trt4_HP2	FR_d13h24_Trt4_HP2	AB1021	31	3.1330154587516676	1.437104183802063	0.6323963085966227	d13_Trt4
A1022	2019-14-1022	CGAGAG	CAGYGCASCAGKCGMGAA	Feed residue	r2_i4	9/3/2019	Feed residue d13 (48h) Trt4-Run1-HP2	Feed residue at day 13 from 48h bag	Treatment 4 Run 1 Heat pump 2	f	SeqRun_2	FR	rstc_Run1	d13	d13h48	Trt4	HP2	13	HP2_rstc_Run1	FR_d13	FR_d13h48	FR_Trt4	FR_HP2	FR_d13_Trt4	FR_d13_HP2	FR_d13h48_Trt4	FR_d13h48_HP2	FR_Trt4_HP2	FR_d13_Trt4_HP2	FR_d13h48_Trt4_HP2	AB1022	32	2.9733190802179106	1.4475535588279909	0.594663816043582	d13_Trt4
A1023	2019-14-1023	CGCATA	CAGYGCASCAGKCGMGAA	Feed residue	r2_i4	9/3/2019	Feed residue d13 (24h) Trt5-Run1-HP1	Feed residue at day 13 from 24h bag	Treatment 5 Run 1 Heat pump 1	b	SeqRun_2	FR	rstc_Run1	d13	d13h24	Trt5	HP1	13	HP1_rstc_Run1	FR_d13	FR_d13h24	FR_Trt5	FR_HP1	FR_d13_Trt5	FR_d13_HP1	FR_d13h24_Trt5	FR_d13h24_HP1	FR_Trt5_HP1	FR_d13_Trt5_HP1	FR_d13h24_Trt5_HP1	AB1023	26	2.597619867010529	1.394055768969845	0.5526333753383021	d13_Trt5
A1024	2019-14-1024	GCTCCA	CAGYGCASCAGKCGMGAA	Feed residue	r2_i4	9/3/2019	Feed residue d13 (48h) Trt5-Run1-HP1	Feed residue at day 13 from 48h bag	Treatment 5 Run 1 Heat pump 1	b	SeqRun_2	FR	rstc_Run1	d13	d13h48	Trt5	HP1	13	HP1_rstc_Run1	FR_d13	FR_d13h48	FR_Trt5	FR_HP1	FR_d13_Trt5	FR_d13_HP1	FR_d13h48_Trt5	FR_d13h48_HP1	FR_Trt5_HP1	FR_d13_Trt5_HP1	FR_d13h48_Trt5_HP1	AB1024	34	3.73069216176288	1.4602595335627688	0.7333109406743092	d13_Trt5
A1025	2019-14-1025	GGTTAT	CAGYGCASCAGKCGMGAA	Feed residue	r2_i4	9/3/2019	Feed residue d13 (24h) Trt5-Run1-HP2	Feed residue at day 13 from 24h bag	Treatment 5 Run 1 Heat pump 2	i	SeqRun_2	FR	rstc_Run1	d13	d13h24	Trt5	HP2	13	HP2_rstc_Run1	FR_d13	FR_d13h24	FR_Trt5	FR_HP2	FR_d13_Trt5	FR_d13_HP2	FR_d13h24_Trt5	FR_d13h24_HP2	FR_Trt5_HP2	FR_d13_Trt5_HP2	FR_d13h24_Trt5_HP2	AB1025	31	2.9479219554324887	1.3984533345441963	0.5950353540193655	d13_Trt5
A1026	2019-14-1026	AACGCA	CAGYGCASCAGKCGMGAA	Feed residue	r2_i4	9/3/2019	Feed residue d13 (48h) Trt5-Run1-HP2	Feed residue at day 13 from 48h bag	Treatment 5 Run 1 Heat pump 2	i	SeqRun_2	FR	rstc_Run1	d13	d13h48	Trt5	HP2	13	HP2_rstc_Run1	FR_d13	FR_d13h48	FR_Trt5	FR_HP2	FR_d13_Trt5	FR_d13_HP2	FR_d13h48_Trt5	FR_d13h48_HP2	FR_Trt5_HP2	FR_d13_Trt5_HP2	FR_d13h48_Trt5_HP2	AB1026	30	3.646122551263413	1.4248552352305202	0.7430617170324837	d13_Trt5
A1027	2019-14-1027	AACTGC	CAGYGCASCAGKCGMGAA	Liquid	r2_i4	9/3/2019	SAM d13 Trt1-Run1-HP1	Liquid after SAM treatment of both bags at day 13	Treatment 1 Run 1 Heat pump 1	e	SeqRun_2	SAM	rstc_Run1	d13	not_appl	Trt1	HP1	13	HP1_rstc_Run1	SAM_d13	SAM_not_appl	SAM_Trt1	SAM_HP1	SAM_d13_Trt1	SAM_d13_HP1	SAM_not_appl_Trt1	SAM_not_appl_HP1	SAM_Trt1_HP1	SAM_d13_Trt1_HP1	SAM_not_appl_Trt1_HP1	AB1027	31	3.530385012643996	1.4145707654242017	0.7126049900853256	d13_Trt1
A1028	2019-14-1028	AGTTGG	CAGYGCASCAGKCGMGAA	Liquid	r2_i4	9/3/2019	SAM d13 Trt1-Run1-HP2	Liquid after SAM treatment of both bags at day 13	Treatment 1 Run 1 Heat pump 2	j	SeqRun_2	SAM	rstc_Run1	d13	not_appl	Trt1	HP2	13	HP2_rstc_Run1	SAM_d13	SAM_not_appl	SAM_Trt1	SAM_HP2	SAM_d13_Trt1	SAM_d13_HP2	SAM_not_appl_Trt1	SAM_not_appl_HP2	SAM_Trt1_HP2	SAM_d13_Trt1_HP2	SAM_not_appl_Trt1_HP2	AB1028	30	3.099394863314279	1.410976357036223	0.6316413221212064	d13_Trt1
A1029	2019-14-1029	ATAACT	CAGYGCASCAGKCGMGAA	Liquid	r2_i4	9/3/2019	SAM d13 Trt2-Run1-HP1	Liquid after SAM treatment of both bags at day 13	Treatment 2 Run 1 Heat pump 1	d	SeqRun_2	SAM	rstc_Run1	d13	not_appl	Trt2	HP1	13	HP1_rstc_Run1	SAM_d13	SAM_not_appl	SAM_Trt2	SAM_HP1	SAM_d13_Trt2	SAM_d13_HP1	SAM_not_appl_Trt2	SAM_not_appl_HP1	SAM_Trt2_HP1	SAM_d13_Trt2_HP1	SAM_not_appl_Trt2_HP1	AB1029	31	3.124812472456208	1.4395724080618169	0.6307405433056386	d13_Trt2
A1030	2019-14-1030	ATAGAC	CAGYGCASCAGKCGMGAA	Liquid	r2_i4	9/3/2019	SAM d13 Trt2-Run1-HP2	Liquid after SAM treatment of both bags at day 13	Treatment 2 Run 1 Heat pump 2	h	SeqRun_2	SAM	rstc_Run1	d13	not_appl	Trt2	HP2	13	HP2_rstc_Run1	SAM_d13	SAM_not_appl	SAM_Trt2	SAM_HP2	SAM_d13_Trt2	SAM_d13_HP2	SAM_not_appl_Trt2	SAM_not_appl_HP2	SAM_Trt2_HP2	SAM_d13_Trt2_HP2	SAM_not_appl_Trt2_HP2	AB1030	31	3.0995447489287478	1.4109763670362232	0.6256402763916118	d13_Trt2
A1031	2019-14-1031	ATATTG	CAGYGCASCAGKCGMGAA	Liquid	r2_i4	9/3/2019	SAM d13 Trt3-Run1-HP1	Liquid after SAM treatment of both bags at day 13	Treatment 3 Run 1 Heat pump 1	a	SeqRun_2	SAM	rstc_Run1	d13	not_appl	Trt3	HP1	13	HP1_rstc_Run1	SAM_d13	SAM_not_appl	SAM_Trt3	SAM_HP1	SAM_d13_Trt3	SAM_d13_HP1	SAM_not_appl_Trt3	SAM_not_appl_HP1	SAM_Trt3_HP1	SAM_d13_Trt3_HP1	SAM_not_appl_Trt3_HP1	AB1031	29	2.7583049721478172	1.4136227589158716	0.5677883414764949	d13_Trt3
A1032	2019-14-1032	CAAGAG	CAGYGCASCAGKCGMGAA	Liquid	r2_i4	9/3/2019	SAM d13 Trt3-Run1-HP2	Liquid after SAM treatment of both bags at day 13	Treatment 3 Run 1 Heat pump 2	g	SeqRun_2	SAM	rstc_Run1	d13	not_appl	Trt3	HP2	13	HP2_rstc_Run1	SAM_d13	SAM_not_appl	SAM_Trt3	SAM_HP2	SAM_d13_Trt3	SAM_d13_HP2	SAM_not_appl_Trt3	SAM_not_appl_HP2	SAM_Trt3_HP2	SAM_d13_Trt3_HP2	SAM_not_appl_Trt3_HP2	AB1032	30	3.3748539435693594	1.4029662289771878	0.6877785183532982	d13_Trt3
A1033	2019-14-1033	CAATTC	CAGYGCASCAGKCGMGAA	Liquid	r2_i4	9/3/2019	SAM d13 Trt4-Run1-HP1	Liquid after SAM treatment of both bags at day 13	Treatment 4 Run 1 Heat pump 1	c	SeqRun_2	SAM	rstc_Run1	d13	not_appl	Trt4	HP1	13	HP1_rstc_Run1	SAM_d13	SAM_not_appl	SAM_Trt4	SAM_HP1	SAM_d13_Trt4	SAM_d13_HP1	SAM_not_appl_Trt4	SAM_not_appl_HP1	SAM_Trt4_HP1	SAM_d13_Trt4_HP1	SAM_not_appl_Trt4_HP1	AB1033	32	3.1403410236184466	1.4151225512322585	0.6280682047236893	d13_Trt4
A1034	2019-14-1034	CAGGCC	CAGYGCASCAGKCGMGAA	Liquid	r2_i4	9/3/2019	SAM d13 Trt4-Run1-HP2	Liquid after SAM treatment of both bags at day 13	Treatment 4 Run 1 Heat pump 2	f	SeqRun_2	SAM	rstc_Run1	d13	not_appl	Trt4	HP2	13	HP2_rstc_Run1	SAM_d13	SAM_not_appl	SAM_Trt4	SAM_HP2	SAM_d13_Trt4	SAM_d13_HP2	SAM_not_appl_Trt4	SAM_not_appl_HP2	SAM_Trt4_HP2	SAM_d13_Trt4_HP2	SAM_not_appl_Trt4_HP2	AB1034	29	2.7320614355909942	1.3929810011526098	0.5623861926037134	d13_Trt4
A1035	2019-14-1035	CCAACG	CAGYGCASCAGKCGMGAA	Liquid	r2_i4	9/3/2019	SAM d13 Trt5-Run1-HP1	Liquid after SAM treatment of both bags at day 13	Treatment 5 Run 1 Heat pump 1	b	SeqRun_2	SAM	rstc_Run1	d13	not_appl	Trt5	HP1	13	HP1_rstc_Run1	SAM_d13	SAM_not_appl	SAM_Trt5	SAM_HP1	SAM_d13_Trt5	SAM_d13_HP1	SAM_not_appl_Trt5	SAM_not_appl_HP1	SAM_Trt5_HP1	SAM_d13_Trt5_HP1	SAM_not_appl_Trt5_HP1	AB1035	29	2.605168268322178	1.4071673052152147	0.5362656360605557	d13_Trt5
A1036	2019-14-1036	GTTCCG	CAGYGCASCAGKCGMGAA	Liquid	r2_i4	9/3/2019	SAM d13 Trt5-Run1-HP2	Liquid after SAM treatment of both bags at day 13	Treatment 5 Run 1 Heat pump 2	i	SeqRun_2	SAM	rstc_Run1	d13	not_appl	Trt5	HP2	13	HP2_rstc_Run1	SAM_d13	SAM_not_appl	SAM_Trt5	SAM_HP2	SAM_d13_Trt5	SAM_d13_HP2	SAM_not_appl_Trt5	SAM_not_appl_HP2	SAM_Trt5_HP2	SAM_d13_Trt5_HP2	SAM_not_appl_Trt5_HP2	AB1036	32	2.3719388208558723	1.4162837398866197	0.4743877641711745	d13_Trt5
A1037	2019-14-1037	TACGGT	CAGYGCASCAGKCGMGAA	Fermenter liquid	r2_i4	8/28/2019	Fermenter liquid d7 Trt1-Run1-HP1	Fermenter liquid at day 7	Treatment 1 Run 1 Heat pump 1	e	SeqRun_2	FL	rstc_Run1	d7	not_appl	Trt1	HP1	7	HP1_rstc_Run1	FL_d7	FL_not_appl	FL_Trt1	FL_HP1	FL_d7_Trt1	FL_d7_HP1	FL_not_appl_Trt1	FL_not_appl_HP1	FL_Trt1_HP1	FL_d7_Trt1_HP1	FL_not_appl_Trt1_HP1	AB1037	32	3.8090528417884206	1.3813638896364522	0.7618105683576841	d7_Trt1
A1038	2019-14-1038	TACTTG	CAGYGCASCAGKCGMGAA	Fermenter liquid	r2_i4	8/28/2019	Fermenter liquid d7 Trt1-Run1-HP2	Fermenter liquid at day 7	Treatment 1 Run 1 Heat pump 2	j	SeqRun_2	FL	rstc_Run1	d7	not_appl	Trt1	HP2	7	HP2_rstc_Run1	FL_d7	FL_not_appl	FL_Trt1	FL_HP2	FL_d7_Trt1	FL_d7_HP2	FL_not_appl_Trt1	FL_not_appl_HP2	FL_Trt1_HP2	FL_d7_Trt1_HP2	FL_not_appl_Trt1_HP2	AB1038	32	3.7399989660563686	1.384010957522298	0.7479997932112737	d7_Trt1
A1039	2019-14-1039	TATCTC	CAGYGCASCAGKCGMGAA	Fermenter liquid	r2_i4	8/28/2019	Fermenter liquid d7 Trt2-Run1-HP1	Fermenter liquid at day 7	Treatment 2 Run 1 Heat pump 1	d	SeqRun_2	FL	rstc_Run1	d7	not_appl	Trt2	HP1	7	HP1_rstc_Run1	FL_d7	FL_not_appl	FL_Trt2	FL_HP1	FL_d7_Trt2	FL_d7_HP1	FL_not_appl_Trt2	FL_not_appl_HP1	FL_Trt2_HP1	FL_d7_Trt2_HP1	FL_not_appl_Trt2_HP1	AB1039	30	3.4610037969949707	1.3875934250232005	0.7053354317890108	d7_Trt2
A1040	2019-14-1040	TCATAA	CAGYGCASCAGKCGMGAA	Fermenter liquid	r2_i4	8/28/2019	Fermenter liquid d7 Trt2-Run1-HP2	Fermenter liquid at day 7	Treatment 2 Run 1 Heat pump 2	h	SeqRun_2	FL	rstc_Run1	d7	not_appl	Trt2	HP2	7	HP2_rstc_Run1	FL_d7	FL_not_appl	FL_Trt2	FL_HP2	FL_d7_Trt2	FL_d7_HP2	FL_not_appl_Trt2	FL_not_appl_HP2	FL_Trt2_HP2	FL_d7_Trt2_HP2	FL_not_appl_Trt2_HP2	AB1040	33	3.6574541358331607	1.4005484867477285	0.7250532074401665	d7_Trt2
A1041	2019-14-1041	TCCGAG	CAGYGCASCAGKCGMGAA	Fermenter liquid	r2_i4	8/28/2019	Fermenter liquid d7 Trt3-Run1-HP1	Fermenter liquid at day 7	Treatment 3 Run 1 Heat pump 1	a	SeqRun_2	FL	rstc_Run1	d7	not_appl	Trt3	HP1	7	HP1_rstc_Run1	FL_d7	FL_not_appl	FL_Trt3	FL_HP1	FL_d7_Trt3	FL_d7_HP1	FL_not_appl_Trt3	FL_not_appl_HP1	FL_Trt3_HP1	FL_d7_Trt3_HP1	FL_not_appl_Trt3_HP1	AB1041	30	3.0148325570721246	1.3946644733460252	0.6144079429385048	d7_Trt3
A2014	2019-14-2014	CAAGAG	CAGYGCASCAGKCGMGAA	Feed residue	r2_i6	9/24/2019	Feed residue d13 (48h) Trt2-Run2-HP2	Feed residue at day 13 from 48h bag	Treatment 2 Run 2 Heat pump 2	f	SeqRun_2	FR	rstc_Run2	d13	d13h48	Trt2	HP2	13	HP2_rstc_Run2	FR_d13	FR_d13h48	FR_Trt2	FR_HP2	FR_d13_Trt2	FR_d13_HP2	FR_d13h48_Trt2	FR_d13h48_HP2	FR_Trt2_HP2	FR_d13_Trt2_HP2	FR_d13h48_Trt2_HP2	AB2014	33	2.511342158173163	1.4406698852939537	0.497848125810708	d13_Trt2
A2015	2019-14-2015	CAATTC	CAGYGCASCAGKCGMGAA	Feed residue	r2_i6	9/24/2019	Feed residue d13 (24h) Trt3-Run2-HP1	Feed residue at day 13 from 24h bag	Treatment 3 Run 2 Heat pump 1	e	SeqRun_2	FR	rstc_Run2	d13	d13h24	Trt3	HP1	13	HP1_rstc_Run2	FR_d13	FR_d13h24	FR_Trt3	FR_HP1	FR_d13_Trt3	FR_d13_HP1	FR_d13h24_Trt3	FR_d13h24_HP1	FR_Trt3_HP1	FR_d13_Trt3_HP1	FR_d13h24_Trt3_HP1	AB2015	28	1.9716297138331624	1.4164849668089134	0.4101277616900567	d13_Trt3
A2016	2019-14-2016	CAGGCC	CAGYGCASCAGKCGMGAA	Feed residue	r2_i6	9/24/2019	Feed residue d13 (48h) Trt3-Run2-HP1	Feed residue at day 13 from 48h bag	Treatment 3 Run 2 Heat pump 1	e	SeqRun_2	FR	rstc_Run2	d13	d13h48	Trt3	HP1	13	HP1_rstc_Run2	FR_d13	FR_d13h48	FR_Trt3	FR_HP1	FR_d13_Trt3	FR_d13_HP1	FR_d13h48_Trt3	FR_d13h48_HP1	FR_Trt3_HP1	FR_d13_Trt3_HP1	FR_d13h48_Trt3_HP1	AB2016	32	3.334872525091628	1.424439506994002	0.6669745050183257	d13_Trt3
A2017	2019-14-2017	CCAACG	CAGYGCASCAGKCGMGAA	Feed residue	r2_i6	9/24/2019	Feed residue d13 (24h) Trt3-Run2-HP2	Feed residue at day 13 from 24h bag	Treatment 3 Run 2 Heat pump 2	h	SeqRun_2	FR	rstc_Run2	d13	d13h24	Trt3	HP2	13	HP2_rstc_Run2	FR_d13	FR_d13h24	FR_Trt3	FR_HP2	FR_d13_Trt3	FR_d13_HP2	FR_d13h24_Trt3	FR_d13h24_HP2	FR_Trt3_HP2	FR_d13_Trt3_HP2	FR_d13h24_Trt3_HP2	AB2017	32	3.1484351262556505	1.4244920427781618	0.6296870252511301	d13_Trt3
A2018	2019-14-2018	GTTCCG	CAGYGCASCAGKCGMGAA	Feed residue	r2_i6	9/24/2019	Feed residue d13 (48h) Trt3-Run2-HP2	Feed residue at day 13 from 48h bag	Treatment 3 Run 2 Heat pump 2	h	SeqRun_2	FR	rstc_Run2	d13	d13h48	Trt3	HP2	13	HP2_rstc_Run2	FR_d13	FR_d13h48	FR_Trt3	FR_HP2	FR_d13_Trt3	FR_d13_HP2	FR_d13h48_Trt3	FR_d13h48_HP2	FR_Trt3_HP2	FR_d13_Trt3_HP2	FR_d13h48_Trt3_HP2	AB2018	35	3.330265702644643	1.4513737656338144	0.6492653440340227	d13_Trt3
A2019	2019-14-2019	TACGGT	CAGYGCASCAGKCGMGAA	Feed residue	r2_i6	9/24/2019	Feed residue d13 (24h) Trt4-Run2-HP1	Feed residue at day 13 from 24h bag	Treatment 4 Run 2 Heat pump 1	d	SeqRun_2	FR	rstc_Run2	d13	d13h24	Trt4	HP1	13	HP1_rstc_Run2	FR_d13	FR_d13h24	FR_Trt4	FR_HP1	FR_d13_Trt4	FR_d13_HP1	FR_d13h24_Trt4	FR_d13h24_HP1	FR_Trt4_HP1	FR_d13_Trt4_HP1	FR_d13h24_Trt4_HP1	AB2019	27	1.9117626457406416	1.432842911057039	0.4020626449880869	d13_Trt4
A2020	2019-14-2020	TACTTG	CAGYGCASCAGKCGMGAA	Feed residue	r2_i6	9/24/2019	Feed residue d13 (48h) Trt4-Run2-HP1	Feed residue at day 13 from 48h bag	Treatment 4 Run 2 Heat pump 1	d	SeqRun_2	FR	rstc_Run2	d13	d13h48	Trt4	HP1	13	HP1_rstc_Run2	FR_d13	FR_d13h48	FR_Trt4	FR_HP1	FR_d13_Trt4	FR_d13_HP1	FR_d13h48_Trt4	FR_d13h48_HP1	FR_Trt4_HP1	FR_d13_Trt4_HP1	FR_d13h48_Trt4_HP1	AB2020	27	3.1822896950903963	1.4174935760081495	0.669267084372124	d13_Trt4
A2021	2019-14-2021	TATCTC	CAGYGCASCAGKCGMGAA	Feed residue	r2_i6	9/24/2019	Feed residue d13 (24h) Trt4-Run2-HP2	Feed residue at day 13 from 24h bag	Treatment 4 Run 2 Heat pump 2	j	SeqRun_2	FR	rstc_Run2	d13	d13h24	Trt4	HP2	13	HP2_rstc_Run2	FR_d13	FR_d13h24	FR_Trt4	FR_HP2	FR_d13_Trt4	FR_d13_HP2	FR_d13h24_Trt4	FR_d13h24_HP2	FR_Trt4_HP2	FR_d13_Trt4_HP2	FR_d13h24_Trt4_HP2	AB2021	35	3.1549101455696835	1.4774113732086498	0.6150781961430484	d13_Trt4
A2022	2019-14-2022	TCATAA	CAGYGCASCAGKCGMGAA	Feed residue	r2_i6	9/24/2019	Feed residue d13 (48h) Trt4-Run2-HP2	Feed residue at day 13 from 48h bag	Treatment 4 Run 2 Heat pump 2	j	SeqRun_2	FR	rstc_Run2	d13	d13h48	Trt4	HP2	13	HP2_rstc_Run2	FR_d13	FR_d13h48	FR_Trt4	FR_HP2	FR_d13_Trt4	FR_d13_HP2	FR_d13h48_Trt4	FR_d13h48_HP2	FR_Trt4_HP2	FR_d13_Trt4_HP2	FR_d13h48_Trt4_HP2	AB2022	32	3.370718533458536	1.4436829891392118	0.6741437066917071	d13_Trt4
A2023	2019-14-2023	TCCGAG	CAGYGCASCAGKCGMGAA	Feed residue	r2_i6	9/24/2019	Feed residue d13 (24h) Trt5-Run2-HP1	Feed residue at day 13 from 24h bag	Treatment 5 Run 2 Heat pump 1	a	SeqRun_2	FR	rstc_Run2	d13	d13h24	Trt5	HP1	13	HP1_rstc_Run2	FR_d13	FR_d13h24	FR_Trt5	FR_HP1	FR_d13_Trt5	FR_d13_HP1	FR_d13h24_Trt5	FR_d13h24_HP1	FR_Trt5_HP1	FR_d13_Trt5_HP1	FR_d13h24_Trt5_HP1	AB2023	39	3.068998293810286	1.4891274608773606	0.5806555805455669	d13_Trt5
A2024	2019-14-2024	AACCGT	CAGYGCASCAGKCGMGAA	Feed residue	r2_i6	9/24/2019	Feed residue d13 (48h) Trt5-Run2-HP1	Feed residue at day 13 from 48h bag	Treatment 5 Run 2 Heat pump 1	a	SeqRun_2	FR	rstc_Run2	d13	d13h48	Trt5	HP1	13	HP1_rstc_Run2	FR_d13	FR_d13h48	FR_Trt5	FR_HP1	FR_d13_Trt5	FR_d13_HP1	FR_d13h48_Trt5	FR_d13h48_HP1	FR_Trt5_HP1	FR_d13_Trt5_HP1	FR_d13h48_Trt5_HP1	AB2024	38	3.8610538766057987	1.5443871817770671	0.7357292696431038	d13_Trt5
A2025	2019-14-2025	AACGCG	CAGYGCASCAGKCGMGAA	Feed residue	r2_i6	9/24/2019	Feed residue d13 (24h) Trt5-Run2-HP2	Feed residue at day 13 from 24h bag	Treatment 5 Run 2 Heat pump 2	g	SeqRun_2	FR	rstc_Run2	d13	d13h24	Trt5	HP2	13	HP2_rstc_Run2	FR_d13	FR_d13h24	FR_Trt5	FR_HP2	FR_d13_Trt5	FR_d13_HP2	FR_d13h24_Trt5	FR_d13h24_HP2	FR_Trt5_HP2	FR_d13_Trt5_HP2	FR_d13h24_Trt5_HP2	AB2025	26	2.1889016224019127	1.3800708693034442	0.4656801817825608	d13_Trt5
A2026	2019-14-2026	AACTAC	CAGYGCASCAGKCGMGAA	Feed residue	r2_i6	9/24/2019	Feed residue d13 (48h) Trt5-Run2-HP2	Feed residue at day 13 from 48h bag	Treatment 5 Run 2 Heat pump 2	g	SeqRun_2	FR	rstc_Run2	d13	d13h48	Trt5	HP2	13	HP2_rstc_Run2	FR_d13	FR_d13h48	FR_Trt5	FR_HP2	FR_d13_Trt5	FR_d13_HP2	FR_d13h48_Trt5	FR_d13h48_HP2	FR_Trt5_HP2	FR_d13_Trt5_HP2	FR_d13h48_Trt5_HP2	AB2026	41	3.7537854493089187	1.5352833209487018	0.7006531053871702	d13_Trt5
A2027	2019-14-2027	AACTCT	CAGYGCASCAGKCGMGAA	Liquid	r2_i6	9/24/2019	SAM d13 Trt1-Run2-HP1	Liquid after SAM treatment of both bags at day 13	Treatment 1 Run 2 Heat pump 1	b	SeqRun_2	SAM	rstc_Run2	d13	not_appl	Trt1	HP1	13	HP1_rstc_Run2	SAM_d13	SAM_not_appl	SAM_Trt1	SAM_HP1	SAM_d13_Trt1	SAM_d13_HP1	SAM_not_appl_Trt1	SAM_not_appl_HP1	SAM_Trt1_HP1	SAM_d13_Trt1_HP1	SAM_not_appl_Trt1_HP1	AB2027	31	2.9444342510846053	1.4810291218267757	0.5943313640824768	d13_Trt1
A2028	2019-14-2028	AACTGG	CAGYGCASCAGKCGMGAA	Liquid	r2_i6	9/24/2019	SAM d13 Trt1-Run2-HP2	Liquid after SAM treatment of both bags at day 13	Treatment 1 Run 2 Heat pump 2	i	SeqRun_2	SAM	rstc_Run2	d13	not_appl	Trt1	HP2	13	HP2_rstc_Run2	SAM_d13	SAM_not_appl	SAM_Trt1	SAM_HP2	SAM_d13_Trt1	SAM_d13_HP2	SAM_not_appl_Trt1	SAM_not_appl_HP2	SAM_Trt1_HP2	SAM_d13_Trt1_HP2	SAM_not_appl_Trt1_HP2	AB2028	30	2.855312741364989	1.426078864418614	0.5818985945846004	d13_Trt1
A2029	2019-14-2029	CCAAGG	CAGYGCASCAGKCGMGAA	Liquid	r2_i6	9/24/2019	SAM d13 Trt2-Run2-HP1	Liquid after SAM treatment of both bags at day 13	Treatment 2 Run 2 Heat pump 1	c	SeqRun_2	SAM	rstc_Run2	d13	not_appl	Trt2	HP1	13	HP1_rstc_Run2	SAM_d13	SAM_not_appl	SAM_Trt2	SAM_HP1	SAM_d13_Trt2	SAM_d13_HP1	SAM_not_appl_Trt2	SAM_not_appl_HP1	SAM_Trt2_HP1	SAM_d13_Trt2_HP1	SAM_not_appl_Trt2_HP1	AB2029	33	3.0062623339219123	1.4463449081276631	0.5959610337314899	d13_Trt2
A2030	2019-14-2030	CCAATT	CAGYGCASCAGKCGMGAA	Liquid	r2_i6	9/24/2019	SAM d13 Trt2-Run2-HP2	Liquid after SAM treatment of both bags at day 13	Treatment 2 Run 2 Heat pump 2	f	SeqRun_2	SAM	rstc_Run2	d13	not_appl	Trt2	HP2	13	HP2_rstc_Run2	SAM_d13	SAM_not_appl	SAM_Trt2	SAM_HP2	SAM_d13_Trt2	SAM_d13_HP2	SAM_not_appl_Trt2	SAM_not_appl_HP2	SAM_Trt2_HP2	SAM_d13_Trt2_HP2	SAM_not_appl_Trt2_HP2	AB2030	27	3.0096452441131425	1.3800826282928278	0.6329582440686046	d13_Trt2
A2031	2019-14-2031	CCAGAT	CAGYGCASCAGKCGMGAA	Liquid	r2_i6	9/24/2019	SAM d13 Trt3-Run2-HP1	Liquid after SAM treatment of both bags at day 13	Treatment 3 Run 2 Heat pump 1	e	SeqRun_2	SAM	rstc_Run2	d13	not_appl	Trt3	HP1	13	HP1_rstc_Run2	SAM_d13	SAM_not_appl	SAM_Trt3	SAM_HP1	SAM_d13_Trt3	SAM_d13_HP1	SAM_not_appl_Trt3	SAM_not_appl_HP1	SAM_Trt3_HP1	SAM_d13_Trt3_HP1	SAM_not_appl_Trt3_HP1	AB2031	29	2.4609720947904115	1.4328429210570393	0.5065833104861263	d13_Trt3
A2032	2019-14-2032	CCAGCG	CAGYGCASCAGKCGMGAA	Liquid	r2_i6	9/24/2019	SAM d13 Trt3-Run2-HP2	Liquid after SAM treatment of both bags at day 13	Treatment 3 Run 2 Heat pump 2	h	SeqRun_2	SAM	rstc_Run2	d13	not_appl	Trt3	HP2	13	HP2_rstc_Run2	SAM_d13	SAM_not_appl	SAM_Trt3	SAM_HP2	SAM_d13_Trt3	SAM_d13_HP2	SAM_not_appl_Trt3	SAM_not_appl_HP2	SAM_Trt3_HP2	SAM_d13_Trt3_HP2	SAM_not_appl_Trt3_HP2	AB2032	38	2.800976718785007	1.4516326682744043	0.5337300699389923	d13_Trt3
A2033	2019-14-2033	CCAGGC	CAGYGCASCAGKCGMGAA	Liquid	r2_i6	9/24/2019	SAM d13 Trt4-Run2-HP1	Liquid after SAM treatment of both bags at day 13	Treatment 4 Run 2 Heat pump 1	d	SeqRun_2	SAM	rstc_Run2	d13	not_appl	Trt4	HP1	13	HP1_rstc_Run2	SAM_d13	SAM_not_appl	SAM_Trt4	SAM_HP1	SAM_d13_Trt4	SAM_d13_HP1	SAM_not_appl_Trt4	SAM_not_appl_HP1	SAM_Trt4_HP1	SAM_d13_Trt4_HP1	SAM_not_appl_Trt4_HP1	AB2033	31	2.7311324856314467	1.4355023650440306	0.5512765975594076	d13_Trt4
A2034	2019-14-2034	GAATCT	CAGYGCASCAGKCGMGAA	Liquid	r2_i6	9/24/2019	SAM d13 Trt4-Run2-HP2	Liquid after SAM treatment of both bags at day 13	Treatment 4 Run 2 Heat pump 2	j	SeqRun_2	SAM	rstc_Run2	d13	not_appl	Trt4	HP2	13	HP2_rstc_Run2	SAM_d13	SAM_not_appl	SAM_Trt4	SAM_HP2	SAM_d13_Trt4	SAM_d13_HP2	SAM_not_appl_Trt4	SAM_not_appl_HP2	SAM_Trt4_HP2	SAM_d13_Trt4_HP2	SAM_not_appl_Trt4_HP2	AB2034	35	2.7134395395954973	1.446075637381084	0.529009518607464	d13_Trt4
A2035	2019-14-2035	GGAATG	CAGYGCASCAGKCGMGAA	Liquid	r2_i6	9/24/2019	SAM d13 Trt5-Run2-HP1	Liquid after SAM treatment of both bags at day 13	Treatment 5 Run 2 Heat pump 1	a	SeqRun_2	SAM	rstc_Run2	d13	not_appl	Trt5	HP1	13	HP1_rstc_Run2	SAM_d13	SAM_not_appl	SAM_Trt5	SAM_HP1	SAM_d13_Trt5	SAM_d13_HP1	SAM_not_appl_Trt5	SAM_not_appl_HP1	SAM_Trt5_HP1	SAM_d13_Trt5_HP1	SAM_not_appl_Trt5_HP1	AB2035	35	2.8014373692689105	1.4625565568204295	0.5461654894093687	d13_Trt5
A2036	2019-14-2036	GGACCT	CAGYGCASCAGKCGMGAA	Liquid	r2_i6	9/24/2019	SAM d13 Trt5-Run2-HP2	Liquid after SAM treatment of both bags at day 13	Treatment 5 Run 2 Heat pump 2	g	SeqRun_2	SAM	rstc_Run2	d13	not_appl	Trt5	HP2	13	HP2_rstc_Run2	SAM_d13	SAM_not_appl	SAM_Trt5	SAM_HP2	SAM_d13_Trt5	SAM_d13_HP2	SAM_not_appl_Trt5	SAM_not_appl_HP2	SAM_Trt5_HP2	SAM_d13_Trt5_HP2	SAM_not_appl_Trt5_HP2	AB2036	31	2.6328101136804416	1.3933335000754083	0.5314303165905117	d13_Trt5
A2037	2019-14-2037	GGAGTA	CAGYGCASCAGKCGMGAA	Fermenter liquid	r2_i6	9/18/2019	Fermenter liquid d7 Trt1-Run2-HP1	Fermenter liquid at day 7	Treatment 1 Run 2 Heat pump 1	b	SeqRun_2	FL	rstc_Run2	d7	not_appl	Trt1	HP1	7	HP1_rstc_Run2	FL_d7	FL_not_appl	FL_Trt1	FL_HP1	FL_d7_Trt1	FL_d7_HP1	FL_not_appl_Trt1	FL_not_appl_HP1	FL_Trt1_HP1	FL_d7_Trt1_HP1	FL_not_appl_Trt1_HP1	AB2037	35	4.0810556988837385	1.4043186481293195	0.7956386273484363	d7_Trt1
A2038	2019-14-2038	GGCAGG	CAGYGCASCAGKCGMGAA	Fermenter liquid	r2_i6	9/18/2019	Fermenter liquid d7 Trt1-Run2-HP2	Fermenter liquid at day 7	Treatment 1 Run 2 Heat pump 2	i	SeqRun_2	FL	rstc_Run2	d7	not_appl	Trt1	HP2	7	HP2_rstc_Run2	FL_d7	FL_not_appl	FL_Trt1	FL_HP2	FL_d7_Trt1	FL_d7_HP2	FL_not_appl_Trt1	FL_not_appl_HP2	FL_Trt1_HP2	FL_d7_Trt1_HP2	FL_not_appl_Trt1_HP2	AB2038	41	4.058797518762221	1.422944503849891	0.757584343607609	d7_Trt1
A2039	2019-14-2039	TAGAAT	CAGYGCASCAGKCGMGAA	Fermenter liquid	r2_i6	9/18/2019	Fermenter liquid d7 Trt2-Run2-HP1	Fermenter liquid at day 7	Treatment 2 Run 2 Heat pump 1	c	SeqRun_2	FL	rstc_Run2	d7	not_appl	Trt2	HP1	7	HP1_rstc_Run2	FL_d7	FL_not_appl	FL_Trt2	FL_HP1	FL_d7_Trt2	FL_d7_HP1	FL_not_appl_Trt2	FL_not_appl_HP1	FL_Trt2_HP1	FL_d7_Trt2_HP1	FL_not_appl_Trt2_HP1	AB2039	39	4.127473656731482	1.4432465375549892	0.7809194997500066	d7_Trt2
A2040	2019-14-2040	TATTAC	CAGYGCASCAGKCGMGAA	Fermenter liquid	r2_i6	9/18/2019	Fermenter liquid d7 Trt2-Run2-HP2	Fermenter liquid at day 7	Treatment 2 Run 2 Heat pump 2	f	SeqRun_2	FL	rstc_Run2	d7	not_appl	Trt2	HP2	7	HP2_rstc_Run2	FL_d7	FL_not_appl	FL_Trt2	FL_HP2	FL_d7_Trt2	FL_d7_HP2	FL_not_appl_Trt2	FL_not_appl_HP2	FL_Trt2_HP2	FL_d7_Trt2_HP2	FL_not_appl_Trt2_HP2	AB2040	37	3.28266903203362	1.4362249199031027	0.6301369455943474	d7_Trt2
A2041	2019-14-2041	TCCTAA	CAGYGCASCAGKCGMGAA	Fermenter liquid	r2_i6	9/18/2019	Fermenter liquid d7 Trt3-Run2-HP1	Fermenter liquid at day 7	Treatment 3 Run 2 Heat pump 1	e	SeqRun_2	FL	rstc_Run2	d7	not_appl	Trt3	HP1	7	HP1_rstc_Run2	FL_d7	FL_not_appl	FL_Trt3	FL_HP1	FL_d7_Trt3	FL_d7_HP1	FL_not_appl_Trt3	FL_not_appl_HP1	FL_Trt3_HP1	FL_d7_Trt3_HP1	FL_not_appl_Trt3_HP1	AB2041	41	3.9636098113304272	1.45512870629502	0.7398173284951576	d7_Trt3
A2042	2019-14-2042	TCGCAT	CAGYGCASCAGKCGMGAA	Fermenter liquid	r2_i6	9/18/2019	Fermenter liquid d7 Trt3-Run2-HP2	Fermenter liquid at day 7	Treatment 3 Run 2 Heat pump 2	h	SeqRun_2	FL	rstc_Run2	d7	not_appl	Trt3	HP2	7	HP2_rstc_Run2	FL_d7	FL_not_appl	FL_Trt3	FL_HP2	FL_d7_Trt3	FL_d7_HP2	FL_not_appl_Trt3	FL_not_appl_HP2	FL_Trt3_HP2	FL_d7_Trt3_HP2	FL_not_appl_Trt3_HP2	AB2042	37	3.9925113897576754	1.4611466330973402	0.766397375989496	d7_Trt3
A2043	2019-14-2043	TCTGAC	CAGYGCASCAGKCGMGAA	Fermenter liquid	r2_i6	9/18/2019	Fermenter liquid d7 Trt4-Run2-HP1	Fermenter liquid at day 7	Treatment 4 Run 2 Heat pump 1	d	SeqRun_2	FL	rstc_Run2	d7	not_appl	Trt4	HP1	7	HP1_rstc_Run2	FL_d7	FL_not_appl	FL_Trt4	FL_HP1	FL_d7_Trt4	FL_d7_HP1	FL_not_appl_Trt4	FL_not_appl_HP1	FL_Trt4_HP1	FL_d7_Trt4_HP1	FL_not_appl_Trt4_HP1	AB2043	35	3.670759464665712	1.4123288817025148	0.7156476748385857	d7_Trt4
A2044	2019-14-2044	AAGCGG	CAGYGCASCAGKCGMGAA	Fermenter liquid	r2_i6	9/18/2019	Fermenter liquid d7 Trt4-Run2-HP2	Fermenter liquid at day 7	Treatment 4 Run 2 Heat pump 2	j	SeqRun_2	FL	rstc_Run2	d7	not_appl	Trt4	HP2	7	HP2_rstc_Run2	FL_d7	FL_not_appl	FL_Trt4	FL_HP2	FL_d7_Trt4	FL_d7_HP2	FL_not_appl_Trt4	FL_not_appl_HP2	FL_Trt4_HP2	FL_d7_Trt4_HP2	FL_not_appl_Trt4_HP2	AB2044	36	3.808868999166573	1.4158669162573263	0.7367358323581037	d7_Trt4
A2045	2019-14-2045	AAGCTA	CAGYGCASCAGKCGMGAA	Fermenter liquid	r2_i6	9/18/2019	Fermenter liquid d7 Trt5-Run2-HP1	Fermenter liquid at day 7	Treatment 5 Run 2 Heat pump 1	a	SeqRun_2	FL	rstc_Run2	d7	not_appl	Trt5	HP1	7	HP1_rstc_Run2	FL_d7	FL_not_appl	FL_Trt5	FL_HP1	FL_d7_Trt5	FL_d7_HP1	FL_not_appl_Trt5	FL_not_appl_HP1	FL_Trt5_HP1	FL_d7_Trt5_HP1	FL_not_appl_Trt5_HP1	AB2045	34	3.801638476883871	1.4185120472367654	0.7472562641753953	d7_Trt5
A2046	2019-14-2046	AAGGAT	CAGYGCASCAGKCGMGAA	Fermenter liquid	r2_i6	9/18/2019	Fermenter liquid d7 Trt5-Run2-HP2	Fermenter liquid at day 7	Treatment 5 Run 2 Heat pump 2	g	SeqRun_2	FL	rstc_Run2	d7	not_appl	Trt5	HP2	7	HP2_rstc_Run2	FL_d7	FL_not_appl	FL_Trt5	FL_HP2	FL_d7_Trt5	FL_d7_HP2	FL_not_appl_Trt5	FL_not_appl_HP2	FL_Trt5_HP2	FL_d7_Trt5_HP2	FL_not_appl_Trt5_HP2	AB2046	33	3.8135110401793932	1.4132015601659536	0.7559899068045848	d7_Trt5
A2047	2019-14-2047	AAGGCA	CAGYGCASCAGKCGMGAA	Fermenter liquid	r2_i6	9/24/2019	Fermenter liquid d13 Trt1-Run2-HP1	Fermenter liquid at day 13	Treatment 1 Run 2 Heat pump 1	b	SeqRun_2	FL	rstc_Run2	d13	not_appl	Trt1	HP1	13	HP1_rstc_Run2	FL_d13	FL_not_appl	FL_Trt1	FL_HP1	FL_d13_Trt1	FL_d13_HP1	FL_not_appl_Trt1	FL_not_appl_HP1	FL_Trt1_HP1	FL_d13_Trt1_HP1	FL_not_appl_Trt1_HP1	AB2047	27	3.5966931138470137	1.3173317370063071	0.7564202333305514	d13_Trt1
A2048	2019-14-2048	AAGTAA	CAGYGCASCAGKCGMGAA	Fermenter liquid	r2_i6	9/24/2019	Fermenter liquid d13 Trt1-Run2-HP2	Fermenter liquid at day 13	Treatment 1 Run 2 Heat pump 2	i	SeqRun_2	FL	rstc_Run2	d13	not_appl	Trt1	HP2	13	HP2_rstc_Run2	FL_d13	FL_not_appl	FL_Trt1	FL_HP2	FL_d13_Trt1	FL_d13_HP2	FL_not_appl_Trt1	FL_not_appl_HP2	FL_Trt1_HP2	FL_d13_Trt1_HP2	FL_not_appl_Trt1_HP2	AB2048	36	3.631075859492765	1.4775040961381218	0.7023459447631759	d13_Trt1
A2049	2019-14-2049	AAGTCG	CAGYGCASCAGKCGMGAA	Fermenter liquid	r2_i6	9/24/2019	Fermenter liquid d13 Trt2-Run2-HP1	Fermenter liquid at day 13	Treatment 2 Run 2 Heat pump 1	c	SeqRun_2	FL	rstc_Run2	d13	not_appl	Trt2	HP1	13	HP1_rstc_Run2	FL_d13	FL_not_appl	FL_Trt2	FL_HP1	FL_d13_Trt2	FL_d13_HP1	FL_not_appl_Trt2	FL_not_appl_HP1	FL_Trt2_HP1	FL_d13_Trt2_HP1	FL_not_appl_Trt2_HP1	AB2049	31	3.0048527877470312	1.4232760445155748	0.6065267905204146	d13_Trt2
A2050	2019-14-2050	CCTATC	CAGYGCASCAGKCGMGAA	Fermenter liquid	r2_i6	9/24/2019	Fermenter liquid d13 Trt2-Run2-HP2	Fermenter liquid at day 13	Treatment 2 Run 2 Heat pump 2	f	SeqRun_2	FL	rstc_Run2	d13	not_appl	Trt2	HP2	13	HP2_rstc_Run2	FL_d13	FL_not_appl	FL_Trt2	FL_HP2	FL_d13_Trt2	FL_d13_HP2	FL_not_appl_Trt2	FL_not_appl_HP2	FL_Trt2_HP2	FL_d13_Trt2_HP2	FL_not_appl_Trt2_HP2	AB2050	32	3.4633086483942748	1.4031862228349734	0.6926617296788549	d13_Trt2
A2051	2019-14-2051	CCTCAT	CAGYGCASCAGKCGMGAA	Fermenter liquid	r2_i6	9/24/2019	Fermenter liquid d13 Trt3-Run2-HP1	Fermenter liquid at day 13	Treatment 3 Run 2 Heat pump 1	e	SeqRun_2	FL	rstc_Run2	d13	not_appl	Trt3	HP1	13	HP1_rstc_Run2	FL_d13	FL_not_appl	FL_Trt3	FL_HP1	FL_d13_Trt3	FL_d13_HP1	FL_not_appl_Trt3	FL_not_appl_HP1	FL_Trt3_HP1	FL_d13_Trt3_HP1	FL_not_appl_Trt3_HP1	AB2051	31	3.2295951455315826	1.3928915218739553	0.6518908301555337	d13_Trt3
A2052	2019-14-2052	AATAAC	CAGYGCASCAGKCGMGAA	Fermenter liquid	r2_i6	9/24/2019	Fermenter liquid d13 Trt3-Run2-HP2	Fermenter liquid at day 13	Treatment 3 Run 2 Heat pump 2	h	SeqRun_2	FL	rstc_Run2	d13	not_appl	Trt3	HP2	13	HP2_rstc_Run2	FL_d13	FL_not_appl	FL_Trt3	FL_HP2	FL_d13_Trt3	FL_d13_HP2	FL_not_appl_Trt3	FL_not_appl_HP2	FL_Trt3_HP2	FL_d13_Trt3_HP2	FL_not_appl_Trt3_HP2	AB2052	31	3.060230212779753	1.3893719656333872	0.6177046731805382	d13_Trt3
A2053	2019-14-2053	GTCCAT	CAGYGCASCAGKCGMGAA	Fermenter liquid	r2_i6	9/24/2019	Fermenter liquid d13 Trt4-Run2-HP1	Fermenter liquid at day 13	Treatment 4 Run 2 Heat pump 1	d	SeqRun_2	FL	rstc_Run2	d13	not_appl	Trt4	HP1	13	HP1_rstc_Run2	FL_d13	FL_not_appl	FL_Trt4	FL_HP1	FL_d13_Trt4	FL_d13_HP1	FL_not_appl_Trt4	FL_not_appl_HP1	FL_Trt4_HP1	FL_d13_Trt4_HP1	FL_not_appl_Trt4_HP1	AB2053	26	2.497758167617281	1.3538303414826405	0.5313881928912564	d13_Trt4
A2054	2019-14-2054	TTGATT	CAGYGCASCAGKCGMGAA	Fermenter liquid	r2_i6	9/24/2019	Fermenter liquid d13 Trt4-Run2-HP2	Fermenter liquid at day 13	Treatment 4 Run 2 Heat pump 2	j	SeqRun_2	FL	rstc_Run2	d13	not_appl	Trt4	HP2	13	HP2_rstc_Run2	FL_d13	FL_not_appl	FL_Trt4	FL_HP2	FL_d13_Trt4	FL_d13_HP2	FL_not_appl_Trt4	FL_not_appl_HP2	FL_Trt4_HP2	FL_d13_Trt4_HP2	FL_not_appl_Trt4_HP2	AB2054	25	2.448995540468568	1.3762078010595356	0.5273624850530458	d13_Trt4
A2055	2019-14-2055	TTAATG	CAGYGCASCAGKCGMGAA	Fermenter liquid	r2_i6	9/24/2019	Fermenter liquid d13 Trt5-Run2-HP1	Fermenter liquid at day 13	Treatment 5 Run 2 Heat pump 1	a	SeqRun_2	FL	rstc_Run2	d13	not_appl	Trt5	HP1	13	HP1_rstc_Run2	FL_d13	FL_not_appl	FL_Trt5	FL_HP1	FL_d13_Trt5	FL_d13_HP1	FL_not_appl_Trt5	FL_not_appl_HP1	FL_Trt5_HP1	FL_d13_Trt5_HP1	FL_not_appl_Trt5_HP1	AB2055	30	2.553340097955203	1.34155039988108	0.5203580655008582	d13_Trt5
A2056	2019-14-2056	AACCAG	CAGYGCASCAGKCGMGAA	Fermenter liquid	r2_i6	9/24/2019	Fermenter liquid d13 Trt5-Run2-HP2	Fermenter liquid at day 13	Treatment 5 Run 2 Heat pump 2	g	SeqRun_2	FL	rstc_Run2	d13	not_appl	Trt5	HP2	13	HP2_rstc_Run2	FL_d13	FL_not_appl	FL_Trt5	FL_HP2	FL_d13_Trt5	FL_d13_HP2	FL_not_appl_Trt5	FL_not_appl_HP2	FL_Trt5_HP2	FL_d13_Trt5_HP2	FL_not_appl_Trt5_HP2	AB2056	33	2.8392801870052966	1.406352521942248	0.5628585157748135	d13_Trt5
A2057	2019-14-2057	AAGACC	CAGYGCASCAGKCGMGAA	Effluent	r2_i6	9/18/2019	Effluent d7 Trt1-Run2-HP1	Effluent at day 7	Treatment 1 Run 2 Heat pump 1	b	SeqRun_2	E	rstc_Run2	d7	not_appl	Trt1	HP1	7	HP1_rstc_Run2	E_d7	E_not_appl	E_Trt1	E_HP1	E_d7_Trt1	E_d7_HP1	E_not_appl_Trt1	E_not_appl_HP1	E_Trt1_HP1	E_d7_Trt1_HP1	E_not_appl_Trt1_HP1	AB2057	42	4.273449833715157	1.4406149676088011	0.7925070982770464	d7_Trt1
