#SampleID	BarcodeSequence	LinkerPrimerSequence	BodySite	Run_index	Smpl_no	Date of Sampling	Sample Name	Description	Description 2	SeqRun	BS	rstc_run	Day	Day_hour	Treatment	Source	Day_num	Src_rstcRun	BS_Day	BS_Dh	BS_Trt	BS_Src	BS_Day_Trt	BS_Day_Src	BS_Dh_Trt	BS_Dh_Src	BS_Trt_Src	BS_Day_Trt_Src	BS_Dh_Trt_Src
B2014	GGCTTC	CAAGRGTTHGATYMTGGCTCAG	Feed residue	r2_i9	2019-14-2014	9/24/2019	Feed residue d13 (48h) Trt2-Run2-HP2	Feed residue at day 13 from 48h bag	Treatment 2 Run 2 Heat pump 2	SeqRun_2	FR	rstc_Run2	d13	d13h48	Trt2	HP2	13	HP2_rstc_Run2	FR_d13	FR_d13h48	FR_Trt2	FR_HP2	FR_d13_Trt2	FR_d13_HP2	FR_d13h48_Trt2	FR_d13h48_HP2	FR_Trt2_HP2	FR_d13_Trt2_HP2	FR_d13h48_Trt2_HP2
B2015	GGTACC	CAAGRGTTHGATYMTGGCTCAG	Feed residue	r2_i9	2019-14-2015	9/24/2019	Feed residue d13 (24h) Trt3-Run2-HP1	Feed residue at day 13 from 24h bag	Treatment 3 Run 2 Heat pump 1	SeqRun_2	FR	rstc_Run2	d13	d13h24	Trt3	HP1	13	HP1_rstc_Run2	FR_d13	FR_d13h24	FR_Trt3	FR_HP1	FR_d13_Trt3	FR_d13_HP1	FR_d13h24_Trt3	FR_d13h24_HP1	FR_Trt3_HP1	FR_d13_Trt3_HP1	FR_d13h24_Trt3_HP1
B2016	GTAATC	CAAGRGTTHGATYMTGGCTCAG	Feed residue	r2_i9	2019-14-2016	9/24/2019	Feed residue d13 (48h) Trt3-Run2-HP1	Feed residue at day 13 from 48h bag	Treatment 3 Run 2 Heat pump 1	SeqRun_2	FR	rstc_Run2	d13	d13h48	Trt3	HP1	13	HP1_rstc_Run2	FR_d13	FR_d13h48	FR_Trt3	FR_HP1	FR_d13_Trt3	FR_d13_HP1	FR_d13h48_Trt3	FR_d13h48_HP1	FR_Trt3_HP1	FR_d13_Trt3_HP1	FR_d13h48_Trt3_HP1
B2017	GTACGT	CAAGRGTTHGATYMTGGCTCAG	Feed residue	r2_i9	2019-14-2017	9/24/2019	Feed residue d13 (24h) Trt3-Run2-HP2	Feed residue at day 13 from 24h bag	Treatment 3 Run 2 Heat pump 2	SeqRun_2	FR	rstc_Run2	d13	d13h24	Trt3	HP2	13	HP2_rstc_Run2	FR_d13	FR_d13h24	FR_Trt3	FR_HP2	FR_d13_Trt3	FR_d13_HP2	FR_d13h24_Trt3	FR_d13h24_HP2	FR_Trt3_HP2	FR_d13_Trt3_HP2	FR_d13h24_Trt3_HP2
B2018	GTCAAG	CAAGRGTTHGATYMTGGCTCAG	Feed residue	r2_i9	2019-14-2018	9/24/2019	Feed residue d13 (48h) Trt3-Run2-HP2	Feed residue at day 13 from 48h bag	Treatment 3 Run 2 Heat pump 2	SeqRun_2	FR	rstc_Run2	d13	d13h48	Trt3	HP2	13	HP2_rstc_Run2	FR_d13	FR_d13h48	FR_Trt3	FR_HP2	FR_d13_Trt3	FR_d13_HP2	FR_d13h48_Trt3	FR_d13h48_HP2	FR_Trt3_HP2	FR_d13_Trt3_HP2	FR_d13h48_Trt3_HP2
B2019	GTCTCT	CAAGRGTTHGATYMTGGCTCAG	Feed residue	r2_i9	2019-14-2019	9/24/2019	Feed residue d13 (24h) Trt4-Run2-HP1	Feed residue at day 13 from 24h bag	Treatment 4 Run 2 Heat pump 1	SeqRun_2	FR	rstc_Run2	d13	d13h24	Trt4	HP1	13	HP1_rstc_Run2	FR_d13	FR_d13h24	FR_Trt4	FR_HP1	FR_d13_Trt4	FR_d13_HP1	FR_d13h24_Trt4	FR_d13h24_HP1	FR_Trt4_HP1	FR_d13_Trt4_HP1	FR_d13h24_Trt4_HP1
B2020	TACGGT	CAAGRGTTHGATYMTGGCTCAG	Feed residue	r2_i9	2019-14-2020	9/24/2019	Feed residue d13 (48h) Trt4-Run2-HP1	Feed residue at day 13 from 48h bag	Treatment 4 Run 2 Heat pump 1	SeqRun_2	FR	rstc_Run2	d13	d13h48	Trt4	HP1	13	HP1_rstc_Run2	FR_d13	FR_d13h48	FR_Trt4	FR_HP1	FR_d13_Trt4	FR_d13_HP1	FR_d13h48_Trt4	FR_d13h48_HP1	FR_Trt4_HP1	FR_d13_Trt4_HP1	FR_d13h48_Trt4_HP1
B2021	TACTTG	CAAGRGTTHGATYMTGGCTCAG	Feed residue	r2_i9	2019-14-2021	9/24/2019	Feed residue d13 (24h) Trt4-Run2-HP2	Feed residue at day 13 from 24h bag	Treatment 4 Run 2 Heat pump 2	SeqRun_2	FR	rstc_Run2	d13	d13h24	Trt4	HP2	13	HP2_rstc_Run2	FR_d13	FR_d13h24	FR_Trt4	FR_HP2	FR_d13_Trt4	FR_d13_HP2	FR_d13h24_Trt4	FR_d13h24_HP2	FR_Trt4_HP2	FR_d13_Trt4_HP2	FR_d13h24_Trt4_HP2
B2022	TATCTC	CAAGRGTTHGATYMTGGCTCAG	Feed residue	r2_i9	2019-14-2022	9/24/2019	Feed residue d13 (48h) Trt4-Run2-HP2	Feed residue at day 13 from 48h bag	Treatment 4 Run 2 Heat pump 2	SeqRun_2	FR	rstc_Run2	d13	d13h48	Trt4	HP2	13	HP2_rstc_Run2	FR_d13	FR_d13h48	FR_Trt4	FR_HP2	FR_d13_Trt4	FR_d13_HP2	FR_d13h48_Trt4	FR_d13h48_HP2	FR_Trt4_HP2	FR_d13_Trt4_HP2	FR_d13h48_Trt4_HP2
B2023	TCATAA	CAAGRGTTHGATYMTGGCTCAG	Feed residue	r2_i9	2019-14-2023	9/24/2019	Feed residue d13 (24h) Trt5-Run2-HP1	Feed residue at day 13 from 24h bag	Treatment 5 Run 2 Heat pump 1	SeqRun_2	FR	rstc_Run2	d13	d13h24	Trt5	HP1	13	HP1_rstc_Run2	FR_d13	FR_d13h24	FR_Trt5	FR_HP1	FR_d13_Trt5	FR_d13_HP1	FR_d13h24_Trt5	FR_d13h24_HP1	FR_Trt5_HP1	FR_d13_Trt5_HP1	FR_d13h24_Trt5_HP1
B2024	TCCGAG	CAAGRGTTHGATYMTGGCTCAG	Feed residue	r2_i9	2019-14-2024	9/24/2019	Feed residue d13 (48h) Trt5-Run2-HP1	Feed residue at day 13 from 48h bag	Treatment 5 Run 2 Heat pump 1	SeqRun_2	FR	rstc_Run2	d13	d13h48	Trt5	HP1	13	HP1_rstc_Run2	FR_d13	FR_d13h48	FR_Trt5	FR_HP1	FR_d13_Trt5	FR_d13_HP1	FR_d13h48_Trt5	FR_d13h48_HP1	FR_Trt5_HP1	FR_d13_Trt5_HP1	FR_d13h48_Trt5_HP1
B2025	TCGCCG	CAAGRGTTHGATYMTGGCTCAG	Feed residue	r2_i9	2019-14-2025	9/24/2019	Feed residue d13 (24h) Trt5-Run2-HP2	Feed residue at day 13 from 24h bag	Treatment 5 Run 2 Heat pump 2	SeqRun_2	FR	rstc_Run2	d13	d13h24	Trt5	HP2	13	HP2_rstc_Run2	FR_d13	FR_d13h24	FR_Trt5	FR_HP2	FR_d13_Trt5	FR_d13_HP2	FR_d13h24_Trt5	FR_d13h24_HP2	FR_Trt5_HP2	FR_d13_Trt5_HP2	FR_d13h24_Trt5_HP2
B2026	TCTAGT	CAAGRGTTHGATYMTGGCTCAG	Feed residue	r2_i3	2019-14-2026	9/24/2019	Feed residue d13 (48h) Trt5-Run2-HP2	Feed residue at day 13 from 48h bag	Treatment 5 Run 2 Heat pump 2	SeqRun_2	FR	rstc_Run2	d13	d13h48	Trt5	HP2	13	HP2_rstc_Run2	FR_d13	FR_d13h48	FR_Trt5	FR_HP2	FR_d13_Trt5	FR_d13_HP2	FR_d13h48_Trt5	FR_d13h48_HP2	FR_Trt5_HP2	FR_d13_Trt5_HP2	FR_d13h48_Trt5_HP2
B2027	TCTGCC	CAAGRGTTHGATYMTGGCTCAG	Liquid	r2_i3	2019-14-2027	9/24/2019	SAM d13 Trt1-Run2-HP1	Liquid after SAM treatment of both bags at day 13	Treatment 1 Run 2 Heat pump 1	SeqRun_2	SAM	rstc_Run2	d13	not_appl	Trt1	HP1	13	HP1_rstc_Run2	SAM_d13	SAM_not_appl	SAM_Trt1	SAM_HP1	SAM_d13_Trt1	SAM_d13_HP1	SAM_not_appl_Trt1	SAM_not_appl_HP1	SAM_Trt1_HP1	SAM_d13_Trt1_HP1	SAM_not_appl_Trt1_HP1
B2028	TGGTCC	CAAGRGTTHGATYMTGGCTCAG	Liquid	r2_i3	2019-14-2028	9/24/2019	SAM d13 Trt1-Run2-HP2	Liquid after SAM treatment of both bags at day 13	Treatment 1 Run 2 Heat pump 2	SeqRun_2	SAM	rstc_Run2	d13	not_appl	Trt1	HP2	13	HP2_rstc_Run2	SAM_d13	SAM_not_appl	SAM_Trt1	SAM_HP2	SAM_d13_Trt1	SAM_d13_HP2	SAM_not_appl_Trt1	SAM_not_appl_HP2	SAM_Trt1_HP2	SAM_d13_Trt1_HP2	SAM_not_appl_Trt1_HP2
B2029	TTATGC	CAAGRGTTHGATYMTGGCTCAG	Liquid	r2_i3	2019-14-2029	9/24/2019	SAM d13 Trt2-Run2-HP1	Liquid after SAM treatment of both bags at day 13	Treatment 2 Run 2 Heat pump 1	SeqRun_2	SAM	rstc_Run2	d13	not_appl	Trt2	HP1	13	HP1_rstc_Run2	SAM_d13	SAM_not_appl	SAM_Trt2	SAM_HP1	SAM_d13_Trt2	SAM_d13_HP1	SAM_not_appl_Trt2	SAM_not_appl_HP1	SAM_Trt2_HP1	SAM_d13_Trt2_HP1	SAM_not_appl_Trt2_HP1
B2030	AAGCCT	CAAGRGTTHGATYMTGGCTCAG	Liquid	r2_i3	2019-14-2030	9/24/2019	SAM d13 Trt2-Run2-HP2	Liquid after SAM treatment of both bags at day 13	Treatment 2 Run 2 Heat pump 2	SeqRun_2	SAM	rstc_Run2	d13	not_appl	Trt2	HP2	13	HP2_rstc_Run2	SAM_d13	SAM_not_appl	SAM_Trt2	SAM_HP2	SAM_d13_Trt2	SAM_d13_HP2	SAM_not_appl_Trt2	SAM_not_appl_HP2	SAM_Trt2_HP2	SAM_d13_Trt2_HP2	SAM_not_appl_Trt2_HP2
B2031	AAGTTA	CAAGRGTTHGATYMTGGCTCAG	Liquid	r2_i3	2019-14-2031	9/24/2019	SAM d13 Trt3-Run2-HP1	Liquid after SAM treatment of both bags at day 13	Treatment 3 Run 2 Heat pump 1	SeqRun_2	SAM	rstc_Run2	d13	not_appl	Trt3	HP1	13	HP1_rstc_Run2	SAM_d13	SAM_not_appl	SAM_Trt3	SAM_HP1	SAM_d13_Trt3	SAM_d13_HP1	SAM_not_appl_Trt3	SAM_not_appl_HP1	SAM_Trt3_HP1	SAM_d13_Trt3_HP1	SAM_not_appl_Trt3_HP1
B2032	AATACG	CAAGRGTTHGATYMTGGCTCAG	Liquid	r2_i3	2019-14-2032	9/24/2019	SAM d13 Trt3-Run2-HP2	Liquid after SAM treatment of both bags at day 13	Treatment 3 Run 2 Heat pump 2	SeqRun_2	SAM	rstc_Run2	d13	not_appl	Trt3	HP2	13	HP2_rstc_Run2	SAM_d13	SAM_not_appl	SAM_Trt3	SAM_HP2	SAM_d13_Trt3	SAM_d13_HP2	SAM_not_appl_Trt3	SAM_not_appl_HP2	SAM_Trt3_HP2	SAM_d13_Trt3_HP2	SAM_not_appl_Trt3_HP2
B2033	AATCGA	CAAGRGTTHGATYMTGGCTCAG	Liquid	r2_i3	2019-14-2033	9/24/2019	SAM d13 Trt4-Run2-HP1	Liquid after SAM treatment of both bags at day 13	Treatment 4 Run 2 Heat pump 1	SeqRun_2	SAM	rstc_Run2	d13	not_appl	Trt4	HP1	13	HP1_rstc_Run2	SAM_d13	SAM_not_appl	SAM_Trt4	SAM_HP1	SAM_d13_Trt4	SAM_d13_HP1	SAM_not_appl_Trt4	SAM_not_appl_HP1	SAM_Trt4_HP1	SAM_d13_Trt4_HP1	SAM_not_appl_Trt4_HP1
B2034	AATGAT	CAAGRGTTHGATYMTGGCTCAG	Liquid	r2_i3	2019-14-2034	9/24/2019	SAM d13 Trt4-Run2-HP2	Liquid after SAM treatment of both bags at day 13	Treatment 4 Run 2 Heat pump 2	SeqRun_2	SAM	rstc_Run2	d13	not_appl	Trt4	HP2	13	HP2_rstc_Run2	SAM_d13	SAM_not_appl	SAM_Trt4	SAM_HP2	SAM_d13_Trt4	SAM_d13_HP2	SAM_not_appl_Trt4	SAM_not_appl_HP2	SAM_Trt4_HP2	SAM_d13_Trt4_HP2	SAM_not_appl_Trt4_HP2
B2035	ACCAAT	CAAGRGTTHGATYMTGGCTCAG	Liquid	r2_i3	2019-14-2035	9/24/2019	SAM d13 Trt5-Run2-HP1	Liquid after SAM treatment of both bags at day 13	Treatment 5 Run 2 Heat pump 1	SeqRun_2	SAM	rstc_Run2	d13	not_appl	Trt5	HP1	13	HP1_rstc_Run2	SAM_d13	SAM_not_appl	SAM_Trt5	SAM_HP1	SAM_d13_Trt5	SAM_d13_HP1	SAM_not_appl_Trt5	SAM_not_appl_HP1	SAM_Trt5_HP1	SAM_d13_Trt5_HP1	SAM_not_appl_Trt5_HP1
B2036	ACCGTC	CAAGRGTTHGATYMTGGCTCAG	Liquid	r2_i3	2019-14-2036	9/24/2019	SAM d13 Trt5-Run2-HP2	Liquid after SAM treatment of both bags at day 13	Treatment 5 Run 2 Heat pump 2	SeqRun_2	SAM	rstc_Run2	d13	not_appl	Trt5	HP2	13	HP2_rstc_Run2	SAM_d13	SAM_not_appl	SAM_Trt5	SAM_HP2	SAM_d13_Trt5	SAM_d13_HP2	SAM_not_appl_Trt5	SAM_not_appl_HP2	SAM_Trt5_HP2	SAM_d13_Trt5_HP2	SAM_not_appl_Trt5_HP2
B2037	ACCTCG	CAAGRGTTHGATYMTGGCTCAG	Fermenter liquid	r2_i3	2019-14-2037	9/18/2019	Fermenter liquid d7 Trt1-Run2-HP1	Fermenter liquid at day 7	Treatment 1 Run 2 Heat pump 1	SeqRun_2	FL	rstc_Run2	d7	not_appl	Trt1	HP1	7	HP1_rstc_Run2	FL_d7	FL_not_appl	FL_Trt1	FL_HP1	FL_d7_Trt1	FL_d7_HP1	FL_not_appl_Trt1	FL_not_appl_HP1	FL_Trt1_HP1	FL_d7_Trt1_HP1	FL_not_appl_Trt1_HP1
B2038	ACGAGG	CAAGRGTTHGATYMTGGCTCAG	Fermenter liquid	r2_i3	2019-14-2038	9/18/2019	Fermenter liquid d7 Trt1-Run2-HP2	Fermenter liquid at day 7	Treatment 1 Run 2 Heat pump 2	SeqRun_2	FL	rstc_Run2	d7	not_appl	Trt1	HP2	7	HP2_rstc_Run2	FL_d7	FL_not_appl	FL_Trt1	FL_HP2	FL_d7_Trt1	FL_d7_HP2	FL_not_appl_Trt1	FL_not_appl_HP2	FL_Trt1_HP2	FL_d7_Trt1_HP2	FL_not_appl_Trt1_HP2
B2039	ACTATA	CAAGRGTTHGATYMTGGCTCAG	Fermenter liquid	r2_i3	2019-14-2039	9/18/2019	Fermenter liquid d7 Trt2-Run2-HP1	Fermenter liquid at day 7	Treatment 2 Run 2 Heat pump 1	SeqRun_2	FL	rstc_Run2	d7	not_appl	Trt2	HP1	7	HP1_rstc_Run2	FL_d7	FL_not_appl	FL_Trt2	FL_HP1	FL_d7_Trt2	FL_d7_HP1	FL_not_appl_Trt2	FL_not_appl_HP1	FL_Trt2_HP1	FL_d7_Trt2_HP1	FL_not_appl_Trt2_HP1
B2040	ACTTAC	CAAGRGTTHGATYMTGGCTCAG	Fermenter liquid	r2_i3	2019-14-2040	9/18/2019	Fermenter liquid d7 Trt2-Run2-HP2	Fermenter liquid at day 7	Treatment 2 Run 2 Heat pump 2	SeqRun_2	FL	rstc_Run2	d7	not_appl	Trt2	HP2	7	HP2_rstc_Run2	FL_d7	FL_not_appl	FL_Trt2	FL_HP2	FL_d7_Trt2	FL_d7_HP2	FL_not_appl_Trt2	FL_not_appl_HP2	FL_Trt2_HP2	FL_d7_Trt2_HP2	FL_not_appl_Trt2_HP2
B2041	AGAAGC	CAAGRGTTHGATYMTGGCTCAG	Fermenter liquid	r2_i3	2019-14-2041	9/18/2019	Fermenter liquid d7 Trt3-Run2-HP1	Fermenter liquid at day 7	Treatment 3 Run 2 Heat pump 1	SeqRun_2	FL	rstc_Run2	d7	not_appl	Trt3	HP1	7	HP1_rstc_Run2	FL_d7	FL_not_appl	FL_Trt3	FL_HP1	FL_d7_Trt3	FL_d7_HP1	FL_not_appl_Trt3	FL_not_appl_HP1	FL_Trt3_HP1	FL_d7_Trt3_HP1	FL_not_appl_Trt3_HP1
B2042	AGACCG	CAAGRGTTHGATYMTGGCTCAG	Fermenter liquid	r2_i3	2019-14-2042	9/18/2019	Fermenter liquid d7 Trt3-Run2-HP2	Fermenter liquid at day 7	Treatment 3 Run 2 Heat pump 2	SeqRun_2	FL	rstc_Run2	d7	not_appl	Trt3	HP2	7	HP2_rstc_Run2	FL_d7	FL_not_appl	FL_Trt3	FL_HP2	FL_d7_Trt3	FL_d7_HP2	FL_not_appl_Trt3	FL_not_appl_HP2	FL_Trt3_HP2	FL_d7_Trt3_HP2	FL_not_appl_Trt3_HP2
B2043	AGAGTA	CAAGRGTTHGATYMTGGCTCAG	Fermenter liquid	r2_i3	2019-14-2043	9/18/2019	Fermenter liquid d7 Trt4-Run2-HP1	Fermenter liquid at day 7	Treatment 4 Run 2 Heat pump 1	SeqRun_2	FL	rstc_Run2	d7	not_appl	Trt4	HP1	7	HP1_rstc_Run2	FL_d7	FL_not_appl	FL_Trt4	FL_HP1	FL_d7_Trt4	FL_d7_HP1	FL_not_appl_Trt4	FL_not_appl_HP1	FL_Trt4_HP1	FL_d7_Trt4_HP1	FL_not_appl_Trt4_HP1
B2044	AGATAT	CAAGRGTTHGATYMTGGCTCAG	Fermenter liquid	r2_i3	2019-14-2044	9/18/2019	Fermenter liquid d7 Trt4-Run2-HP2	Fermenter liquid at day 7	Treatment 4 Run 2 Heat pump 2	SeqRun_2	FL	rstc_Run2	d7	not_appl	Trt4	HP2	7	HP2_rstc_Run2	FL_d7	FL_not_appl	FL_Trt4	FL_HP2	FL_d7_Trt4	FL_d7_HP2	FL_not_appl_Trt4	FL_not_appl_HP2	FL_Trt4_HP2	FL_d7_Trt4_HP2	FL_not_appl_Trt4_HP2
B2045	AGCATG	CAAGRGTTHGATYMTGGCTCAG	Fermenter liquid	r2_i3	2019-14-2045	9/18/2019	Fermenter liquid d7 Trt5-Run2-HP1	Fermenter liquid at day 7	Treatment 5 Run 2 Heat pump 1	SeqRun_2	FL	rstc_Run2	d7	not_appl	Trt5	HP1	7	HP1_rstc_Run2	FL_d7	FL_not_appl	FL_Trt5	FL_HP1	FL_d7_Trt5	FL_d7_HP1	FL_not_appl_Trt5	FL_not_appl_HP1	FL_Trt5_HP1	FL_d7_Trt5_HP1	FL_not_appl_Trt5_HP1
B2046	AGCCGT	CAAGRGTTHGATYMTGGCTCAG	Fermenter liquid	r2_i3	2019-14-2046	9/18/2019	Fermenter liquid d7 Trt5-Run2-HP2	Fermenter liquid at day 7	Treatment 5 Run 2 Heat pump 2	SeqRun_2	FL	rstc_Run2	d7	not_appl	Trt5	HP2	7	HP2_rstc_Run2	FL_d7	FL_not_appl	FL_Trt5	FL_HP2	FL_d7_Trt5	FL_d7_HP2	FL_not_appl_Trt5	FL_not_appl_HP2	FL_Trt5_HP2	FL_d7_Trt5_HP2	FL_not_appl_Trt5_HP2
B2047	AGGCTC	CAAGRGTTHGATYMTGGCTCAG	Fermenter liquid	r2_i3	2019-14-2047	9/24/2019	Fermenter liquid d13 Trt1-Run2-HP1	Fermenter liquid at day 13	Treatment 1 Run 2 Heat pump 1	SeqRun_2	FL	rstc_Run2	d13	not_appl	Trt1	HP1	13	HP1_rstc_Run2	FL_d13	FL_not_appl	FL_Trt1	FL_HP1	FL_d13_Trt1	FL_d13_HP1	FL_not_appl_Trt1	FL_not_appl_HP1	FL_Trt1_HP1	FL_d13_Trt1_HP1	FL_not_appl_Trt1_HP1
B2048	ATAGAC	CAAGRGTTHGATYMTGGCTCAG	Fermenter liquid	r2_i3	2019-14-2048	9/24/2019	Fermenter liquid d13 Trt1-Run2-HP2	Fermenter liquid at day 13	Treatment 1 Run 2 Heat pump 2	SeqRun_2	FL	rstc_Run2	d13	not_appl	Trt1	HP2	13	HP2_rstc_Run2	FL_d13	FL_not_appl	FL_Trt1	FL_HP2	FL_d13_Trt1	FL_d13_HP2	FL_not_appl_Trt1	FL_not_appl_HP2	FL_Trt1_HP2	FL_d13_Trt1_HP2	FL_not_appl_Trt1_HP2
B2049	ATATTG	CAAGRGTTHGATYMTGGCTCAG	Fermenter liquid	r2_i3	2019-14-2049	9/24/2019	Fermenter liquid d13 Trt2-Run2-HP1	Fermenter liquid at day 13	Treatment 2 Run 2 Heat pump 1	SeqRun_2	FL	rstc_Run2	d13	not_appl	Trt2	HP1	13	HP1_rstc_Run2	FL_d13	FL_not_appl	FL_Trt2	FL_HP1	FL_d13_Trt2	FL_d13_HP1	FL_not_appl_Trt2	FL_not_appl_HP1	FL_Trt2_HP1	FL_d13_Trt2_HP1	FL_not_appl_Trt2_HP1
B2050	CAGATG	CAAGRGTTHGATYMTGGCTCAG	Fermenter liquid	r2_i3	2019-14-2050	9/24/2019	Fermenter liquid d13 Trt2-Run2-HP2	Fermenter liquid at day 13	Treatment 2 Run 2 Heat pump 2	SeqRun_2	FL	rstc_Run2	d13	not_appl	Trt2	HP2	13	HP2_rstc_Run2	FL_d13	FL_not_appl	FL_Trt2	FL_HP2	FL_d13_Trt2	FL_d13_HP2	FL_not_appl_Trt2	FL_not_appl_HP2	FL_Trt2_HP2	FL_d13_Trt2_HP2	FL_not_appl_Trt2_HP2
B2051	CAGCAA	CAAGRGTTHGATYMTGGCTCAG	Fermenter liquid	r2_i3	2019-14-2051	9/24/2019	Fermenter liquid d13 Trt3-Run2-HP1	Fermenter liquid at day 13	Treatment 3 Run 2 Heat pump 1	SeqRun_2	FL	rstc_Run2	d13	not_appl	Trt3	HP1	13	HP1_rstc_Run2	FL_d13	FL_not_appl	FL_Trt3	FL_HP1	FL_d13_Trt3	FL_d13_HP1	FL_not_appl_Trt3	FL_not_appl_HP1	FL_Trt3_HP1	FL_d13_Trt3_HP1	FL_not_appl_Trt3_HP1
B2052	CATAGC	CAAGRGTTHGATYMTGGCTCAG	Fermenter liquid	r2_i3	2019-14-2052	9/24/2019	Fermenter liquid d13 Trt3-Run2-HP2	Fermenter liquid at day 13	Treatment 3 Run 2 Heat pump 2	SeqRun_2	FL	rstc_Run2	d13	not_appl	Trt3	HP2	13	HP2_rstc_Run2	FL_d13	FL_not_appl	FL_Trt3	FL_HP2	FL_d13_Trt3	FL_d13_HP2	FL_not_appl_Trt3	FL_not_appl_HP2	FL_Trt3_HP2	FL_d13_Trt3_HP2	FL_not_appl_Trt3_HP2
B2053	CCAGGT	CAAGRGTTHGATYMTGGCTCAG	Fermenter liquid	r2_i3	2019-14-2053	9/24/2019	Fermenter liquid d13 Trt4-Run2-HP1	Fermenter liquid at day 13	Treatment 4 Run 2 Heat pump 1	SeqRun_2	FL	rstc_Run2	d13	not_appl	Trt4	HP1	13	HP1_rstc_Run2	FL_d13	FL_not_appl	FL_Trt4	FL_HP1	FL_d13_Trt4	FL_d13_HP1	FL_not_appl_Trt4	FL_not_appl_HP1	FL_Trt4_HP1	FL_d13_Trt4_HP1	FL_not_appl_Trt4_HP1
B2054	CCGCTT	CAAGRGTTHGATYMTGGCTCAG	Fermenter liquid	r2_i3	2019-14-2054	9/24/2019	Fermenter liquid d13 Trt4-Run2-HP2	Fermenter liquid at day 13	Treatment 4 Run 2 Heat pump 2	SeqRun_2	FL	rstc_Run2	d13	not_appl	Trt4	HP2	13	HP2_rstc_Run2	FL_d13	FL_not_appl	FL_Trt4	FL_HP2	FL_d13_Trt4	FL_d13_HP2	FL_not_appl_Trt4	FL_not_appl_HP2	FL_Trt4_HP2	FL_d13_Trt4_HP2	FL_not_appl_Trt4_HP2
B2055	CCGTAG	CAAGRGTTHGATYMTGGCTCAG	Fermenter liquid	r2_i3	2019-14-2055	9/24/2019	Fermenter liquid d13 Trt5-Run2-HP1	Fermenter liquid at day 13	Treatment 5 Run 2 Heat pump 1	SeqRun_2	FL	rstc_Run2	d13	not_appl	Trt5	HP1	13	HP1_rstc_Run2	FL_d13	FL_not_appl	FL_Trt5	FL_HP1	FL_d13_Trt5	FL_d13_HP1	FL_not_appl_Trt5	FL_not_appl_HP1	FL_Trt5_HP1	FL_d13_Trt5_HP1	FL_not_appl_Trt5_HP1
B2056	CCTGAA	CAAGRGTTHGATYMTGGCTCAG	Fermenter liquid	r2_i3	2019-14-2056	9/24/2019	Fermenter liquid d13 Trt5-Run2-HP2	Fermenter liquid at day 13	Treatment 5 Run 2 Heat pump 2	SeqRun_2	FL	rstc_Run2	d13	not_appl	Trt5	HP2	13	HP2_rstc_Run2	FL_d13	FL_not_appl	FL_Trt5	FL_HP2	FL_d13_Trt5	FL_d13_HP2	FL_not_appl_Trt5	FL_not_appl_HP2	FL_Trt5_HP2	FL_d13_Trt5_HP2	FL_not_appl_Trt5_HP2
B2057	CGAATT	CAAGRGTTHGATYMTGGCTCAG	Effluent	r2_i3	2019-14-2057	9/18/2019	Effluent d7 Trt1-Run2-HP1	Effluent at day 7	Treatment 1 Run 2 Heat pump 1	SeqRun_2	E	rstc_Run2	d7	not_appl	Trt1	HP1	7	HP1_rstc_Run2	E_d7	E_not_appl	E_Trt1	E_HP1	E_d7_Trt1	E_d7_HP1	E_not_appl_Trt1	E_not_appl_HP1	E_Trt1_HP1	E_d7_Trt1_HP1	E_not_appl_Trt1_HP1
B2058	CGATCA	CAAGRGTTHGATYMTGGCTCAG	Effluent	r2_i3	2019-14-2058	9/18/2019	Effluent d7 Trt1-Run2-HP2	Effluent at day 7	Treatment 1 Run 2 Heat pump 2	SeqRun_2	E	rstc_Run2	d7	not_appl	Trt1	HP2	7	HP2_rstc_Run2	E_d7	E_not_appl	E_Trt1	E_HP2	E_d7_Trt1	E_d7_HP2	E_not_appl_Trt1	E_not_appl_HP2	E_Trt1_HP2	E_d7_Trt1_HP2	E_not_appl_Trt1_HP2
B2059	CGCAAC	CAAGRGTTHGATYMTGGCTCAG	Effluent	r2_i3	2019-14-2059	9/18/2019	Effluent d7 Trt2-Run2-HP1	Effluent at day 7	Treatment 2 Run 2 Heat pump 1	SeqRun_2	E	rstc_Run2	d7	not_appl	Trt2	HP1	7	HP1_rstc_Run2	E_d7	E_not_appl	E_Trt2	E_HP1	E_d7_Trt2	E_d7_HP1	E_not_appl_Trt2	E_not_appl_HP1	E_Trt2_HP1	E_d7_Trt2_HP1	E_not_appl_Trt2_HP1
B2060	CGCGCT	CAAGRGTTHGATYMTGGCTCAG	Effluent	r2_i3	2019-14-2060	9/18/2019	Effluent d7 Trt2-Run2-HP2	Effluent at day 7	Treatment 2 Run 2 Heat pump 2	SeqRun_2	E	rstc_Run2	d7	not_appl	Trt2	HP2	7	HP2_rstc_Run2	E_d7	E_not_appl	E_Trt2	E_HP2	E_d7_Trt2	E_d7_HP2	E_not_appl_Trt2	E_not_appl_HP2	E_Trt2_HP2	E_d7_Trt2_HP2	E_not_appl_Trt2_HP2
B2061	CGTCAG	CAAGRGTTHGATYMTGGCTCAG	Effluent	r2_i3	2019-14-2061	9/18/2019	Effluent d7 Trt3-Run2-HP1	Effluent at day 7	Treatment 3 Run 2 Heat pump 1	SeqRun_2	E	rstc_Run2	d7	not_appl	Trt3	HP1	7	HP1_rstc_Run2	E_d7	E_not_appl	E_Trt3	E_HP1	E_d7_Trt3	E_d7_HP1	E_not_appl_Trt3	E_not_appl_HP1	E_Trt3_HP1	E_d7_Trt3_HP1	E_not_appl_Trt3_HP1
B2062	CTAAGA	CAAGRGTTHGATYMTGGCTCAG	Effluent	r2_i3	2019-14-2062	9/18/2019	Effluent d7 Trt3-Run2-HP2	Effluent at day 7	Treatment 3 Run 2 Heat pump 2	SeqRun_2	E	rstc_Run2	d7	not_appl	Trt3	HP2	7	HP2_rstc_Run2	E_d7	E_not_appl	E_Trt3	E_HP2	E_d7_Trt3	E_d7_HP2	E_not_appl_Trt3	E_not_appl_HP2	E_Trt3_HP2	E_d7_Trt3_HP2	E_not_appl_Trt3_HP2
B2063	CTCCAT	CAAGRGTTHGATYMTGGCTCAG	Effluent	r2_i3	2019-14-2063	9/18/2019	Effluent d7 Trt4-Run2-HP1	Effluent at day 7	Treatment 4 Run 2 Heat pump 1	SeqRun_2	E	rstc_Run2	d7	not_appl	Trt4	HP1	7	HP1_rstc_Run2	E_d7	E_not_appl	E_Trt4	E_HP1	E_d7_Trt4	E_d7_HP1	E_not_appl_Trt4	E_not_appl_HP1	E_Trt4_HP1	E_d7_Trt4_HP1	E_not_appl_Trt4_HP1
B2064	CTCGGC	CAAGRGTTHGATYMTGGCTCAG	Effluent	r2_i3	2019-14-2064	9/18/2019	Effluent d7 Trt4-Run2-HP2	Effluent at day 7	Treatment 4 Run 2 Heat pump 2	SeqRun_2	E	rstc_Run2	d7	not_appl	Trt4	HP2	7	HP2_rstc_Run2	E_d7	E_not_appl	E_Trt4	E_HP2	E_d7_Trt4	E_d7_HP2	E_not_appl_Trt4	E_not_appl_HP2	E_Trt4_HP2	E_d7_Trt4_HP2	E_not_appl_Trt4_HP2
B2065	GACCTT	CAAGRGTTHGATYMTGGCTCAG	Effluent	r2_i3	2019-14-2065	9/18/2019	Effluent d7 Trt5-Run2-HP1	Effluent at day 7	Treatment 5 Run 2 Heat pump 1	SeqRun_2	E	rstc_Run2	d7	not_appl	Trt5	HP1	7	HP1_rstc_Run2	E_d7	E_not_appl	E_Trt5	E_HP1	E_d7_Trt5	E_d7_HP1	E_not_appl_Trt5	E_not_appl_HP1	E_Trt5_HP1	E_d7_Trt5_HP1	E_not_appl_Trt5_HP1
B2066	GACGAC	CAAGRGTTHGATYMTGGCTCAG	Effluent	r2_i3	2019-14-2066	9/18/2019	Effluent d7 Trt5-Run2-HP2	Effluent at day 7	Treatment 5 Run 2 Heat pump 2	SeqRun_2	E	rstc_Run2	d7	not_appl	Trt5	HP2	7	HP2_rstc_Run2	E_d7	E_not_appl	E_Trt5	E_HP2	E_d7_Trt5	E_d7_HP2	E_not_appl_Trt5	E_not_appl_HP2	E_Trt5_HP2	E_d7_Trt5_HP2	E_not_appl_Trt5_HP2
B2067	GATTAG	CAAGRGTTHGATYMTGGCTCAG	Effluent	r2_i3	2019-14-2067	9/24/2019	Effluent d13 Trt1-Run2-HP1	Effluent at day 13	Treatment 1 Run 2 Heat pump 1	SeqRun_2	E	rstc_Run2	d13	not_appl	Trt1	HP1	13	HP1_rstc_Run2	E_d13	E_not_appl	E_Trt1	E_HP1	E_d13_Trt1	E_d13_HP1	E_not_appl_Trt1	E_not_appl_HP1	E_Trt1_HP1	E_d13_Trt1_HP1	E_not_appl_Trt1_HP1
B2068	GCATCC	CAAGRGTTHGATYMTGGCTCAG	Effluent	r2_i3	2019-14-2068	9/24/2019	Effluent d13 Trt1-Run2-HP2	Effluent at day 13	Treatment 1 Run 2 Heat pump 2	SeqRun_2	E	rstc_Run2	d13	not_appl	Trt1	HP2	13	HP2_rstc_Run2	E_d13	E_not_appl	E_Trt1	E_HP2	E_d13_Trt1	E_d13_HP2	E_not_appl_Trt1	E_not_appl_HP2	E_Trt1_HP2	E_d13_Trt1_HP2	E_not_appl_Trt1_HP2
B1047	AAGCCT	CAAGRGTTHGATYMTGGCTCAG	Fermenter liquid	r2_i1	2019-14-1047	9/3/2019	Fermenter liquid d13 Trt1-Run1-HP1	Fermenter liquid at day 13	Treatment 1 Run 1 Heat pump 1	SeqRun_2	FL	rstc_Run1	d13	not_appl	Trt1	HP1	13	HP1_rstc_Run1	FL_d13	FL_not_appl	FL_Trt1	FL_HP1	FL_d13_Trt1	FL_d13_HP1	FL_not_appl_Trt1	FL_not_appl_HP1	FL_Trt1_HP1	FL_d13_Trt1_HP1	FL_not_appl_Trt1_HP1
B1048	AAGTTA	CAAGRGTTHGATYMTGGCTCAG	Fermenter liquid	r2_i1	2019-14-1048	9/3/2019	Fermenter liquid d13 Trt1-Run1-HP2	Fermenter liquid at day 13	Treatment 1 Run 1 Heat pump 2	SeqRun_2	FL	rstc_Run1	d13	not_appl	Trt1	HP2	13	HP2_rstc_Run1	FL_d13	FL_not_appl	FL_Trt1	FL_HP2	FL_d13_Trt1	FL_d13_HP2	FL_not_appl_Trt1	FL_not_appl_HP2	FL_Trt1_HP2	FL_d13_Trt1_HP2	FL_not_appl_Trt1_HP2
B1049	AATACG	CAAGRGTTHGATYMTGGCTCAG	Fermenter liquid	r2_i1	2019-14-1049	9/3/2019	Fermenter liquid d13 Trt2-Run1-HP1	Fermenter liquid at day 13	Treatment 2 Run 1 Heat pump 1	SeqRun_2	FL	rstc_Run1	d13	not_appl	Trt2	HP1	13	HP1_rstc_Run1	FL_d13	FL_not_appl	FL_Trt2	FL_HP1	FL_d13_Trt2	FL_d13_HP1	FL_not_appl_Trt2	FL_not_appl_HP1	FL_Trt2_HP1	FL_d13_Trt2_HP1	FL_not_appl_Trt2_HP1
B1050	AATCGA	CAAGRGTTHGATYMTGGCTCAG	Fermenter liquid	r2_i1	2019-14-1050	9/3/2019	Fermenter liquid d13 Trt2-Run1-HP2	Fermenter liquid at day 13	Treatment 2 Run 1 Heat pump 2	SeqRun_2	FL	rstc_Run1	d13	not_appl	Trt2	HP2	13	HP2_rstc_Run1	FL_d13	FL_not_appl	FL_Trt2	FL_HP2	FL_d13_Trt2	FL_d13_HP2	FL_not_appl_Trt2	FL_not_appl_HP2	FL_Trt2_HP2	FL_d13_Trt2_HP2	FL_not_appl_Trt2_HP2
B1051	AATGAT	CAAGRGTTHGATYMTGGCTCAG	Fermenter liquid	r2_i1	2019-14-1051	9/3/2019	Fermenter liquid d13 Trt3-Run1-HP1	Fermenter liquid at day 13	Treatment 3 Run 1 Heat pump 1	SeqRun_2	FL	rstc_Run1	d13	not_appl	Trt3	HP1	13	HP1_rstc_Run1	FL_d13	FL_not_appl	FL_Trt3	FL_HP1	FL_d13_Trt3	FL_d13_HP1	FL_not_appl_Trt3	FL_not_appl_HP1	FL_Trt3_HP1	FL_d13_Trt3_HP1	FL_not_appl_Trt3_HP1
B1052	ACCAAT	CAAGRGTTHGATYMTGGCTCAG	Fermenter liquid	r2_i1	2019-14-1052	9/3/2019	Fermenter liquid d13 Trt3-Run1-HP2	Fermenter liquid at day 13	Treatment 3 Run 1 Heat pump 2	SeqRun_2	FL	rstc_Run1	d13	not_appl	Trt3	HP2	13	HP2_rstc_Run1	FL_d13	FL_not_appl	FL_Trt3	FL_HP2	FL_d13_Trt3	FL_d13_HP2	FL_not_appl_Trt3	FL_not_appl_HP2	FL_Trt3_HP2	FL_d13_Trt3_HP2	FL_not_appl_Trt3_HP2
B1053	ACCGTC	CAAGRGTTHGATYMTGGCTCAG	Fermenter liquid	r2_i1	2019-14-1053	9/3/2019	Fermenter liquid d13 Trt4-Run1-HP1	Fermenter liquid at day 13	Treatment 4 Run 1 Heat pump 1	SeqRun_2	FL	rstc_Run1	d13	not_appl	Trt4	HP1	13	HP1_rstc_Run1	FL_d13	FL_not_appl	FL_Trt4	FL_HP1	FL_d13_Trt4	FL_d13_HP1	FL_not_appl_Trt4	FL_not_appl_HP1	FL_Trt4_HP1	FL_d13_Trt4_HP1	FL_not_appl_Trt4_HP1
B1054	ACCTCG	CAAGRGTTHGATYMTGGCTCAG	Fermenter liquid	r2_i1	2019-14-1054	9/3/2019	Fermenter liquid d13 Trt4-Run1-HP2	Fermenter liquid at day 13	Treatment 4 Run 1 Heat pump 2	SeqRun_2	FL	rstc_Run1	d13	not_appl	Trt4	HP2	13	HP2_rstc_Run1	FL_d13	FL_not_appl	FL_Trt4	FL_HP2	FL_d13_Trt4	FL_d13_HP2	FL_not_appl_Trt4	FL_not_appl_HP2	FL_Trt4_HP2	FL_d13_Trt4_HP2	FL_not_appl_Trt4_HP2
B1055	ACGAGG	CAAGRGTTHGATYMTGGCTCAG	Fermenter liquid	r2_i1	2019-14-1055	9/3/2019	Fermenter liquid d13 Trt5-Run1-HP1	Fermenter liquid at day 13	Treatment 5 Run 1 Heat pump 1	SeqRun_2	FL	rstc_Run1	d13	not_appl	Trt5	HP1	13	HP1_rstc_Run1	FL_d13	FL_not_appl	FL_Trt5	FL_HP1	FL_d13_Trt5	FL_d13_HP1	FL_not_appl_Trt5	FL_not_appl_HP1	FL_Trt5_HP1	FL_d13_Trt5_HP1	FL_not_appl_Trt5_HP1
B1056	ACTATA	CAAGRGTTHGATYMTGGCTCAG	Fermenter liquid	r2_i1	2019-14-1056	9/3/2019	Fermenter liquid d13 Trt5-Run1-HP2	Fermenter liquid at day 13	Treatment 5 Run 1 Heat pump 2	SeqRun_2	FL	rstc_Run1	d13	not_appl	Trt5	HP2	13	HP2_rstc_Run1	FL_d13	FL_not_appl	FL_Trt5	FL_HP2	FL_d13_Trt5	FL_d13_HP2	FL_not_appl_Trt5	FL_not_appl_HP2	FL_Trt5_HP2	FL_d13_Trt5_HP2	FL_not_appl_Trt5_HP2
B1057	ACTTAC	CAAGRGTTHGATYMTGGCTCAG	Effluent	r2_i1	2019-14-1057	8/28/2019	Effluent d7 Trt1-Run1-HP1	Effluent at day 7	Treatment 1 Run 1 Heat pump 1	SeqRun_2	E	rstc_Run1	d7	not_appl	Trt1	HP1	7	HP1_rstc_Run1	E_d7	E_not_appl	E_Trt1	E_HP1	E_d7_Trt1	E_d7_HP1	E_not_appl_Trt1	E_not_appl_HP1	E_Trt1_HP1	E_d7_Trt1_HP1	E_not_appl_Trt1_HP1
B1058	AGAAGC	CAAGRGTTHGATYMTGGCTCAG	Effluent	r2_i1	2019-14-1058	8/28/2019	Effluent d7 Trt1-Run1-HP2	Effluent at day 7	Treatment 1 Run 1 Heat pump 2	SeqRun_2	E	rstc_Run1	d7	not_appl	Trt1	HP2	7	HP2_rstc_Run1	E_d7	E_not_appl	E_Trt1	E_HP2	E_d7_Trt1	E_d7_HP2	E_not_appl_Trt1	E_not_appl_HP2	E_Trt1_HP2	E_d7_Trt1_HP2	E_not_appl_Trt1_HP2
B1059	AGACCG	CAAGRGTTHGATYMTGGCTCAG	Effluent	r2_i1	2019-14-1059	8/28/2019	Effluent d7 Trt2-Run1-HP1	Effluent at day 7	Treatment 2 Run 1 Heat pump 1	SeqRun_2	E	rstc_Run1	d7	not_appl	Trt2	HP1	7	HP1_rstc_Run1	E_d7	E_not_appl	E_Trt2	E_HP1	E_d7_Trt2	E_d7_HP1	E_not_appl_Trt2	E_not_appl_HP1	E_Trt2_HP1	E_d7_Trt2_HP1	E_not_appl_Trt2_HP1
B1060	AGAGTA	CAAGRGTTHGATYMTGGCTCAG	Effluent	r2_i1	2019-14-1060	8/28/2019	Effluent d7 Trt2-Run1-HP2	Effluent at day 7	Treatment 2 Run 1 Heat pump 2	SeqRun_2	E	rstc_Run1	d7	not_appl	Trt2	HP2	7	HP2_rstc_Run1	E_d7	E_not_appl	E_Trt2	E_HP2	E_d7_Trt2	E_d7_HP2	E_not_appl_Trt2	E_not_appl_HP2	E_Trt2_HP2	E_d7_Trt2_HP2	E_not_appl_Trt2_HP2
B1061	AGATAT	CAAGRGTTHGATYMTGGCTCAG	Effluent	r2_i1	2019-14-1061	8/28/2019	Effluent d7 Trt3-Run1-HP1	Effluent at day 7	Treatment 3 Run 1 Heat pump 1	SeqRun_2	E	rstc_Run1	d7	not_appl	Trt3	HP1	7	HP1_rstc_Run1	E_d7	E_not_appl	E_Trt3	E_HP1	E_d7_Trt3	E_d7_HP1	E_not_appl_Trt3	E_not_appl_HP1	E_Trt3_HP1	E_d7_Trt3_HP1	E_not_appl_Trt3_HP1
B1062	AGCATG	CAAGRGTTHGATYMTGGCTCAG	Effluent	r2_i1	2019-14-1062	8/28/2019	Effluent d7 Trt3-Run1-HP2	Effluent at day 7	Treatment 3 Run 1 Heat pump 2	SeqRun_2	E	rstc_Run1	d7	not_appl	Trt3	HP2	7	HP2_rstc_Run1	E_d7	E_not_appl	E_Trt3	E_HP2	E_d7_Trt3	E_d7_HP2	E_not_appl_Trt3	E_not_appl_HP2	E_Trt3_HP2	E_d7_Trt3_HP2	E_not_appl_Trt3_HP2
B1063	AGCCGT	CAAGRGTTHGATYMTGGCTCAG	Effluent	r2_i1	2019-14-1063	8/28/2019	Effluent d7 Trt4-Run1-HP1	Effluent at day 7	Treatment 4 Run 1 Heat pump 1	SeqRun_2	E	rstc_Run1	d7	not_appl	Trt4	HP1	7	HP1_rstc_Run1	E_d7	E_not_appl	E_Trt4	E_HP1	E_d7_Trt4	E_d7_HP1	E_not_appl_Trt4	E_not_appl_HP1	E_Trt4_HP1	E_d7_Trt4_HP1	E_not_appl_Trt4_HP1
B1064	AGGCTC	CAAGRGTTHGATYMTGGCTCAG	Effluent	r2_i1	2019-14-1064	8/28/2019	Effluent d7 Trt4-Run1-HP2	Effluent at day 7	Treatment 4 Run 1 Heat pump 2	SeqRun_2	E	rstc_Run1	d7	not_appl	Trt4	HP2	7	HP2_rstc_Run1	E_d7	E_not_appl	E_Trt4	E_HP2	E_d7_Trt4	E_d7_HP2	E_not_appl_Trt4	E_not_appl_HP2	E_Trt4_HP2	E_d7_Trt4_HP2	E_not_appl_Trt4_HP2
B1065	ATAGAC	CAAGRGTTHGATYMTGGCTCAG	Effluent	r2_i1	2019-14-1065	8/28/2019	Effluent d7 Trt5-Run1-HP1	Effluent at day 7	Treatment 5 Run 1 Heat pump 1	SeqRun_2	E	rstc_Run1	d7	not_appl	Trt5	HP1	7	HP1_rstc_Run1	E_d7	E_not_appl	E_Trt5	E_HP1	E_d7_Trt5	E_d7_HP1	E_not_appl_Trt5	E_not_appl_HP1	E_Trt5_HP1	E_d7_Trt5_HP1	E_not_appl_Trt5_HP1
B1066	ATATTG	CAAGRGTTHGATYMTGGCTCAG	Effluent	r2_i1	2019-14-1066	8/28/2019	Effluent d7 Trt5-Run1-HP2	Effluent at day 7	Treatment 5 Run 1 Heat pump 2	SeqRun_2	E	rstc_Run1	d7	not_appl	Trt5	HP2	7	HP2_rstc_Run1	E_d7	E_not_appl	E_Trt5	E_HP2	E_d7_Trt5	E_d7_HP2	E_not_appl_Trt5	E_not_appl_HP2	E_Trt5_HP2	E_d7_Trt5_HP2	E_not_appl_Trt5_HP2
B1067	CAGATG	CAAGRGTTHGATYMTGGCTCAG	Effluent	r2_i1	2019-14-1067	9/3/2019	Effluent d13 Trt1-Run1-HP1	Effluent at day 13	Treatment 1 Run 1 Heat pump 1	SeqRun_2	E	rstc_Run1	d13	not_appl	Trt1	HP1	13	HP1_rstc_Run1	E_d13	E_not_appl	E_Trt1	E_HP1	E_d13_Trt1	E_d13_HP1	E_not_appl_Trt1	E_not_appl_HP1	E_Trt1_HP1	E_d13_Trt1_HP1	E_not_appl_Trt1_HP1
B1068	CAGCAA	CAAGRGTTHGATYMTGGCTCAG	Effluent	r2_i1	2019-14-1068	9/3/2019	Effluent d13 Trt1-Run1-HP2	Effluent at day 13	Treatment 1 Run 1 Heat pump 2	SeqRun_2	E	rstc_Run1	d13	not_appl	Trt1	HP2	13	HP2_rstc_Run1	E_d13	E_not_appl	E_Trt1	E_HP2	E_d13_Trt1	E_d13_HP2	E_not_appl_Trt1	E_not_appl_HP2	E_Trt1_HP2	E_d13_Trt1_HP2	E_not_appl_Trt1_HP2
B1069	CATAGC	CAAGRGTTHGATYMTGGCTCAG	Effluent	r2_i1	2019-14-1069	9/3/2019	Effluent d13 Trt2-Run1-HP1	Effluent at day 13	Treatment 2 Run 1 Heat pump 1	SeqRun_2	E	rstc_Run1	d13	not_appl	Trt2	HP1	13	HP1_rstc_Run1	E_d13	E_not_appl	E_Trt2	E_HP1	E_d13_Trt2	E_d13_HP1	E_not_appl_Trt2	E_not_appl_HP1	E_Trt2_HP1	E_d13_Trt2_HP1	E_not_appl_Trt2_HP1
B1070	CCAGGT	CAAGRGTTHGATYMTGGCTCAG	Effluent	r2_i1	2019-14-1070	9/3/2019	Effluent d13 Trt2-Run1-HP2	Effluent at day 13	Treatment 2 Run 1 Heat pump 2	SeqRun_2	E	rstc_Run1	d13	not_appl	Trt2	HP2	13	HP2_rstc_Run1	E_d13	E_not_appl	E_Trt2	E_HP2	E_d13_Trt2	E_d13_HP2	E_not_appl_Trt2	E_not_appl_HP2	E_Trt2_HP2	E_d13_Trt2_HP2	E_not_appl_Trt2_HP2
B1071	CCGCTT	CAAGRGTTHGATYMTGGCTCAG	Effluent	r2_i1	2019-14-1071	9/3/2019	Effluent d13 Trt3-Run1-HP1	Effluent at day 13	Treatment 3 Run 1 Heat pump 1	SeqRun_2	E	rstc_Run1	d13	not_appl	Trt3	HP1	13	HP1_rstc_Run1	E_d13	E_not_appl	E_Trt3	E_HP1	E_d13_Trt3	E_d13_HP1	E_not_appl_Trt3	E_not_appl_HP1	E_Trt3_HP1	E_d13_Trt3_HP1	E_not_appl_Trt3_HP1
B1072	CCGTAG	CAAGRGTTHGATYMTGGCTCAG	Effluent	r2_i1	2019-14-1072	9/3/2019	Effluent d13 Trt3-Run1-HP2	Effluent at day 13	Treatment 3 Run 1 Heat pump 2	SeqRun_2	E	rstc_Run1	d13	not_appl	Trt3	HP2	13	HP2_rstc_Run1	E_d13	E_not_appl	E_Trt3	E_HP2	E_d13_Trt3	E_d13_HP2	E_not_appl_Trt3	E_not_appl_HP2	E_Trt3_HP2	E_d13_Trt3_HP2	E_not_appl_Trt3_HP2
B1073	CCTGAA	CAAGRGTTHGATYMTGGCTCAG	Effluent	r2_i1	2019-14-1073	9/3/2019	Effluent d13 Trt4-Run1-HP1	Effluent at day 13	Treatment 4 Run 1 Heat pump 1	SeqRun_2	E	rstc_Run1	d13	not_appl	Trt4	HP1	13	HP1_rstc_Run1	E_d13	E_not_appl	E_Trt4	E_HP1	E_d13_Trt4	E_d13_HP1	E_not_appl_Trt4	E_not_appl_HP1	E_Trt4_HP1	E_d13_Trt4_HP1	E_not_appl_Trt4_HP1
B1074	CGAATT	CAAGRGTTHGATYMTGGCTCAG	Effluent	r2_i1	2019-14-1074	9/3/2019	Effluent d13 Trt4-Run1-HP2	Effluent at day 13	Treatment 4 Run 1 Heat pump 2	SeqRun_2	E	rstc_Run1	d13	not_appl	Trt4	HP2	13	HP2_rstc_Run1	E_d13	E_not_appl	E_Trt4	E_HP2	E_d13_Trt4	E_d13_HP2	E_not_appl_Trt4	E_not_appl_HP2	E_Trt4_HP2	E_d13_Trt4_HP2	E_not_appl_Trt4_HP2
B1075	CGATCA	CAAGRGTTHGATYMTGGCTCAG	Effluent	r2_i1	2019-14-1075	9/3/2019	Effluent d13 Trt5-Run1-HP1	Effluent at day 13	Treatment 5 Run 1 Heat pump 1	SeqRun_2	E	rstc_Run1	d13	not_appl	Trt5	HP1	13	HP1_rstc_Run1	E_d13	E_not_appl	E_Trt5	E_HP1	E_d13_Trt5	E_d13_HP1	E_not_appl_Trt5	E_not_appl_HP1	E_Trt5_HP1	E_d13_Trt5_HP1	E_not_appl_Trt5_HP1
B1076	CGCAAC	CAAGRGTTHGATYMTGGCTCAG	Effluent	r2_i1	2019-14-1076	9/3/2019	Effluent d13 Trt5-Run1-HP2	Effluent at day 13	Treatment 5 Run 1 Heat pump 2	SeqRun_2	E	rstc_Run1	d13	not_appl	Trt5	HP2	13	HP2_rstc_Run1	E_d13	E_not_appl	E_Trt5	E_HP2	E_d13_Trt5	E_d13_HP2	E_not_appl_Trt5	E_not_appl_HP2	E_Trt5_HP2	E_d13_Trt5_HP2	E_not_appl_Trt5_HP2
B2000	CGCGCT	CAAGRGTTHGATYMTGGCTCAG	Rumen solid phase	r2_i1	2019-14-2000	9/11/2019	SP d0-C1-Run2	Rumen solid phase from day 0 (start)	From cow 1 Run 2	SeqRun_2	RSP	rstc_Run2	d0	not_appl	not_appl	C1	0	C1_rstc_Run2	RSP_d0	RSP_not_appl	RSP_not_appl	RSP_C1	RSP_d0_not_appl	RSP_d0_C1	RSP_not_appl_not_appl	RSP_not_appl_C1	RSP_not_appl_C1	RSP_d0_not_appl_C1	RSP_not_appl_not_appl_C1
B2001	CGTCAG	CAAGRGTTHGATYMTGGCTCAG	Rumen solid phase	r2_i1	2019-14-2001	9/11/2019	SP d0-C2-Run2	Rumen solid phase from day 0 (start)	From cow 2 Run 2	SeqRun_2	RSP	rstc_Run2	d0	not_appl	not_appl	C2	0	C2_rstc_Run2	RSP_d0	RSP_not_appl	RSP_not_appl	RSP_C2	RSP_d0_not_appl	RSP_d0_C2	RSP_not_appl_not_appl	RSP_not_appl_C2	RSP_not_appl_C2	RSP_d0_not_appl_C2	RSP_not_appl_not_appl_C2
B2002	CTAAGA	CAAGRGTTHGATYMTGGCTCAG	Rumen solid phase	r2_i1	2019-14-2002	9/11/2019	SP d0-C3-Run2	Rumen solid phase from day 0 (start)	From cow 3 Run 2	SeqRun_2	RSP	rstc_Run2	d0	not_appl	not_appl	C3	0	C3_rstc_Run2	RSP_d0	RSP_not_appl	RSP_not_appl	RSP_C3	RSP_d0_not_appl	RSP_d0_C3	RSP_not_appl_not_appl	RSP_not_appl_C3	RSP_not_appl_C3	RSP_d0_not_appl_C3	RSP_not_appl_not_appl_C3
B2003	CTCCAT	CAAGRGTTHGATYMTGGCTCAG	Rumen fluid	r2_i1	2019-14-2003	9/11/2019	RF d0-C1-Run2	Rumen fluid from day 0 (start)	From cow 1 Run 2	SeqRun_2	RF	rstc_Run2	d0	not_appl	not_appl	C1	0	C1_rstc_Run2	RF_d0	RF_not_appl	RF_not_appl	RF_C1	RF_d0_not_appl	RF_d0_C1	RF_not_appl_not_appl	RF_not_appl_C1	RF_not_appl_C1	RF_d0_not_appl_C1	RF_not_appl_not_appl_C1
B2004	CTCGGC	CAAGRGTTHGATYMTGGCTCAG	Rumen fluid	r2_i1	2019-14-2004	9/11/2019	RF d0-C2-Run2	Rumen fluid from day 0 (start)	From cow 2 Run 2	SeqRun_2	RF	rstc_Run2	d0	not_appl	not_appl	C2	0	C2_rstc_Run2	RF_d0	RF_not_appl	RF_not_appl	RF_C2	RF_d0_not_appl	RF_d0_C2	RF_not_appl_not_appl	RF_not_appl_C2	RF_not_appl_C2	RF_d0_not_appl_C2	RF_not_appl_not_appl_C2
B2005	CTGCGG	CAAGRGTTHGATYMTGGCTCAG	Rumen fluid	r2_i1	2019-14-2005	9/11/2019	RF d0-C3-Run2	Rumen fluid from day 0 (start)	From cow 3 Run 2	SeqRun_2	RF	rstc_Run2	d0	not_appl	not_appl	C3	0	C3_rstc_Run2	RF_d0	RF_not_appl	RF_not_appl	RF_C3	RF_d0_not_appl	RF_d0_C3	RF_not_appl_not_appl	RF_not_appl_C3	RF_not_appl_C3	RF_d0_not_appl_C3	RF_not_appl_not_appl_C3
B2006	GACCTT	CAAGRGTTHGATYMTGGCTCAG	Rumen fluid	r2_i1	2019-14-2006	9/11/2019	RF d0-mixed-Run2	Rumen fluid from day 0 (start)	From cow 1-3 and mixed with buffer Run 2	SeqRun_2	RF	rstc_Run2	d0	not_appl	not_appl	mixC	0	mixC_rstc_Run2	RF_d0	RF_not_appl	RF_not_appl	RF_mixC	RF_d0_not_appl	RF_d0_mixC	RF_not_appl_not_appl	RF_not_appl_mixC	RF_not_appl_mixC	RF_d0_not_appl_mixC	RF_not_appl_not_appl_mixC
B2007	GACGAC	CAAGRGTTHGATYMTGGCTCAG	Feed residue	r2_i1	2019-14-2007	9/24/2019	Feed residue d13 (24h) Trt1-Run2-HP1	Feed residue at day 13 from 24h bag	Treatment 1 Run 2 Heat pump 1	SeqRun_2	FR	rstc_Run2	d13	d13h24	Trt1	HP1	13	HP1_rstc_Run2	FR_d13	FR_d13h24	FR_Trt1	FR_HP1	FR_d13_Trt1	FR_d13_HP1	FR_d13h24_Trt1	FR_d13h24_HP1	FR_Trt1_HP1	FR_d13_Trt1_HP1	FR_d13h24_Trt1_HP1
B2008	GATTAG	CAAGRGTTHGATYMTGGCTCAG	Feed residue	r2_i1	2019-14-2008	9/24/2019	Feed residue d13 (48h) Trt1-Run2-HP1	Feed residue at day 13 from 48h bag	Treatment 1 Run 2 Heat pump 1	SeqRun_2	FR	rstc_Run2	d13	d13h48	Trt1	HP1	13	HP1_rstc_Run2	FR_d13	FR_d13h48	FR_Trt1	FR_HP1	FR_d13_Trt1	FR_d13_HP1	FR_d13h48_Trt1	FR_d13h48_HP1	FR_Trt1_HP1	FR_d13_Trt1_HP1	FR_d13h48_Trt1_HP1
B2009	GCATCC	CAAGRGTTHGATYMTGGCTCAG	Feed residue	r2_i1	2019-14-2009	9/24/2019	Feed residue d13 (24h) Trt1-Run2-HP2	Feed residue at day 13 from 24h bag	Treatment 1 Run 2 Heat pump 2	SeqRun_2	FR	rstc_Run2	d13	d13h24	Trt1	HP2	13	HP2_rstc_Run2	FR_d13	FR_d13h24	FR_Trt1	FR_HP2	FR_d13_Trt1	FR_d13_HP2	FR_d13h24_Trt1	FR_d13h24_HP2	FR_Trt1_HP2	FR_d13_Trt1_HP2	FR_d13h24_Trt1_HP2
B2010	GCCAGC	CAAGRGTTHGATYMTGGCTCAG	Feed residue	r2_i1	2019-14-2010	9/24/2019	Feed residue d13 (48h) Trt1-Run2-HP2	Feed residue at day 13 from 48h bag	Treatment 1 Run 2 Heat pump 2	SeqRun_2	FR	rstc_Run2	d13	d13h48	Trt1	HP2	13	HP2_rstc_Run2	FR_d13	FR_d13h48	FR_Trt1	FR_HP2	FR_d13_Trt1	FR_d13_HP2	FR_d13h48_Trt1	FR_d13h48_HP2	FR_Trt1_HP2	FR_d13_Trt1_HP2	FR_d13h48_Trt1_HP2
B2011	GCGACT	CAAGRGTTHGATYMTGGCTCAG	Feed residue	r2_i1	2019-14-2011	9/24/2019	Feed residue d13 (24h) Trt2-Run2-HP1	Feed residue at day 13 from 24h bag	Treatment 2 Run 2 Heat pump 1	SeqRun_2	FR	rstc_Run2	d13	d13h24	Trt2	HP1	13	HP1_rstc_Run2	FR_d13	FR_d13h24	FR_Trt2	FR_HP1	FR_d13_Trt2	FR_d13_HP1	FR_d13h24_Trt2	FR_d13h24_HP1	FR_Trt2_HP1	FR_d13_Trt2_HP1	FR_d13h24_Trt2_HP1
B2012	GCTCAT	CAAGRGTTHGATYMTGGCTCAG	Feed residue	r2_i1	2019-14-2012	9/24/2019	Feed residue d13 (48h) Trt2-Run2-HP1	Feed residue at day 13 from 48h bag	Treatment 2 Run 2 Heat pump 1	SeqRun_2	FR	rstc_Run2	d13	d13h48	Trt2	HP1	13	HP1_rstc_Run2	FR_d13	FR_d13h48	FR_Trt2	FR_HP1	FR_d13_Trt2	FR_d13_HP1	FR_d13h48_Trt2	FR_d13h48_HP1	FR_Trt2_HP1	FR_d13_Trt2_HP1	FR_d13h48_Trt2_HP1
B2013	GGCCAA	CAAGRGTTHGATYMTGGCTCAG	Feed residue	r2_i1	2019-14-2013	9/24/2019	Feed residue d13 (24h) Trt2-Run2-HP2	Feed residue at day 13 from 24h bag	Treatment 2 Run 2 Heat pump 2	SeqRun_2	FR	rstc_Run2	d13	d13h24	Trt2	HP2	13	HP2_rstc_Run2	FR_d13	FR_d13h24	FR_Trt2	FR_HP2	FR_d13_Trt2	FR_d13_HP2	FR_d13h24_Trt2	FR_d13h24_HP2	FR_Trt2_HP2	FR_d13_Trt2_HP2	FR_d13h24_Trt2_HP2
B2069	GCCAGC	CAAGRGTTHGATYMTGGCTCAG	Effluent	r2_i4	2019-14-2069	9/24/2019	Effluent d13 Trt2-Run2-HP1	Effluent at day 13	Treatment 2 Run 2 Heat pump 1	SeqRun_2	E	rstc_Run2	d13	not_appl	Trt2	HP1	13	HP1_rstc_Run2	E_d13	E_not_appl	E_Trt2	E_HP1	E_d13_Trt2	E_d13_HP1	E_not_appl_Trt2	E_not_appl_HP1	E_Trt2_HP1	E_d13_Trt2_HP1	E_not_appl_Trt2_HP1
B2070	GCGACT	CAAGRGTTHGATYMTGGCTCAG	Effluent	r2_i4	2019-14-2070	9/24/2019	Effluent d13 Trt2-Run2-HP2	Effluent at day 13	Treatment 2 Run 2 Heat pump 2	SeqRun_2	E	rstc_Run2	d13	not_appl	Trt2	HP2	13	HP2_rstc_Run2	E_d13	E_not_appl	E_Trt2	E_HP2	E_d13_Trt2	E_d13_HP2	E_not_appl_Trt2	E_not_appl_HP2	E_Trt2_HP2	E_d13_Trt2_HP2	E_not_appl_Trt2_HP2
B2071	GCTCAT	CAAGRGTTHGATYMTGGCTCAG	Effluent	r2_i4	2019-14-2071	9/24/2019	Effluent d13 Trt3-Run2-HP1	Effluent at day 13	Treatment 3 Run 2 Heat pump 1	SeqRun_2	E	rstc_Run2	d13	not_appl	Trt3	HP1	13	HP1_rstc_Run2	E_d13	E_not_appl	E_Trt3	E_HP1	E_d13_Trt3	E_d13_HP1	E_not_appl_Trt3	E_not_appl_HP1	E_Trt3_HP1	E_d13_Trt3_HP1	E_not_appl_Trt3_HP1
B2072	GGCCAA	CAAGRGTTHGATYMTGGCTCAG	Effluent	r2_i4	2019-14-2072	9/24/2019	Effluent d13 Trt3-Run2-HP2	Effluent at day 13	Treatment 3 Run 2 Heat pump 2	SeqRun_2	E	rstc_Run2	d13	not_appl	Trt3	HP2	13	HP2_rstc_Run2	E_d13	E_not_appl	E_Trt3	E_HP2	E_d13_Trt3	E_d13_HP2	E_not_appl_Trt3	E_not_appl_HP2	E_Trt3_HP2	E_d13_Trt3_HP2	E_not_appl_Trt3_HP2
B2073	GGCTTC	CAAGRGTTHGATYMTGGCTCAG	Effluent	r2_i4	2019-14-2073	9/24/2019	Effluent d13 Trt4-Run2-HP1	Effluent at day 13	Treatment 4 Run 2 Heat pump 1	SeqRun_2	E	rstc_Run2	d13	not_appl	Trt4	HP1	13	HP1_rstc_Run2	E_d13	E_not_appl	E_Trt4	E_HP1	E_d13_Trt4	E_d13_HP1	E_not_appl_Trt4	E_not_appl_HP1	E_Trt4_HP1	E_d13_Trt4_HP1	E_not_appl_Trt4_HP1
B2074	GGTACC	CAAGRGTTHGATYMTGGCTCAG	Effluent	r2_i4	2019-14-2074	9/24/2019	Effluent d13 Trt4-Run2-HP2	Effluent at day 13	Treatment 4 Run 2 Heat pump 2	SeqRun_2	E	rstc_Run2	d13	not_appl	Trt4	HP2	13	HP2_rstc_Run2	E_d13	E_not_appl	E_Trt4	E_HP2	E_d13_Trt4	E_d13_HP2	E_not_appl_Trt4	E_not_appl_HP2	E_Trt4_HP2	E_d13_Trt4_HP2	E_not_appl_Trt4_HP2
B2075	GTAATC	CAAGRGTTHGATYMTGGCTCAG	Effluent	r2_i4	2019-14-2075	9/24/2019	Effluent d13 Trt5-Run2-HP1	Effluent at day 13	Treatment 5 Run 2 Heat pump 1	SeqRun_2	E	rstc_Run2	d13	not_appl	Trt5	HP1	13	HP1_rstc_Run2	E_d13	E_not_appl	E_Trt5	E_HP1	E_d13_Trt5	E_d13_HP1	E_not_appl_Trt5	E_not_appl_HP1	E_Trt5_HP1	E_d13_Trt5_HP1	E_not_appl_Trt5_HP1
B2076	GTACGT	CAAGRGTTHGATYMTGGCTCAG	Effluent	r2_i4	2019-14-2076	9/24/2019	Effluent d13 Trt5-Run2-HP2	Effluent at day 13	Treatment 5 Run 2 Heat pump 2	SeqRun_2	E	rstc_Run2	d13	not_appl	Trt5	HP2	13	HP2_rstc_Run2	E_d13	E_not_appl	E_Trt5	E_HP2	E_d13_Trt5	E_d13_HP2	E_not_appl_Trt5	E_not_appl_HP2	E_Trt5_HP2	E_d13_Trt5_HP2	E_not_appl_Trt5_HP2
B1000	AATCGA	CAAGRGTTHGATYMTGGCTCAG	Rumen solid phase	r1_i12	2019-14-1000	8/21/2019	SP d0-C1-Run1	Rumen solid phase from day 0 (start)	From cow 1 Run 1	SeqRun_1	RSP	rstc_Run1	d0	not_appl	not_appl	C1	0	C1_rstc_Run1	RSP_d0	RSP_not_appl	RSP_not_appl	RSP_C1	RSP_d0_not_appl	RSP_d0_C1	RSP_not_appl_not_appl	RSP_not_appl_C1	RSP_not_appl_C1	RSP_d0_not_appl_C1	RSP_not_appl_not_appl_C1
B1001	AATGAT	CAAGRGTTHGATYMTGGCTCAG	Rumen solid phase	r1_i12	2019-14-1001	8/21/2019	SP d0-C2-Run1	Rumen solid phase from day 0 (start)	From cow 2 Run 1	SeqRun_1	RSP	rstc_Run1	d0	not_appl	not_appl	C2	0	C2_rstc_Run1	RSP_d0	RSP_not_appl	RSP_not_appl	RSP_C2	RSP_d0_not_appl	RSP_d0_C2	RSP_not_appl_not_appl	RSP_not_appl_C2	RSP_not_appl_C2	RSP_d0_not_appl_C2	RSP_not_appl_not_appl_C2
B1002	ACCAAT	CAAGRGTTHGATYMTGGCTCAG	Rumen solid phase	r1_i12	2019-14-1002	8/21/2019	SP d0-C3-Run1	Rumen solid phase from day 0 (start)	From cow 3 Run 1	SeqRun_1	RSP	rstc_Run1	d0	not_appl	not_appl	C3	0	C3_rstc_Run1	RSP_d0	RSP_not_appl	RSP_not_appl	RSP_C3	RSP_d0_not_appl	RSP_d0_C3	RSP_not_appl_not_appl	RSP_not_appl_C3	RSP_not_appl_C3	RSP_d0_not_appl_C3	RSP_not_appl_not_appl_C3
B1003	ACCGTC	CAAGRGTTHGATYMTGGCTCAG	Rumen fluid	r1_i12	2019-14-1003	8/21/2019	RF d0-C1-Run1	Rumen fluid from day 0 (start)	From cow 1 Run 1	SeqRun_1	RF	rstc_Run1	d0	not_appl	not_appl	C1	0	C1_rstc_Run1	RF_d0	RF_not_appl	RF_not_appl	RF_C1	RF_d0_not_appl	RF_d0_C1	RF_not_appl_not_appl	RF_not_appl_C1	RF_not_appl_C1	RF_d0_not_appl_C1	RF_not_appl_not_appl_C1
B1004	ACCTCG	CAAGRGTTHGATYMTGGCTCAG	Rumen fluid	r1_i12	2019-14-1004	8/21/2019	RF d0-C2-Run1	Rumen fluid from day 0 (start)	From cow 2 Run 1	SeqRun_1	RF	rstc_Run1	d0	not_appl	not_appl	C2	0	C2_rstc_Run1	RF_d0	RF_not_appl	RF_not_appl	RF_C2	RF_d0_not_appl	RF_d0_C2	RF_not_appl_not_appl	RF_not_appl_C2	RF_not_appl_C2	RF_d0_not_appl_C2	RF_not_appl_not_appl_C2
B1005	ACGAGG	CAAGRGTTHGATYMTGGCTCAG	Rumen fluid	r1_i12	2019-14-1005	8/21/2019	RF d0-C3-Run1	Rumen fluid from day 0 (start)	From cow 3 Run 1	SeqRun_1	RF	rstc_Run1	d0	not_appl	not_appl	C3	0	C3_rstc_Run1	RF_d0	RF_not_appl	RF_not_appl	RF_C3	RF_d0_not_appl	RF_d0_C3	RF_not_appl_not_appl	RF_not_appl_C3	RF_not_appl_C3	RF_d0_not_appl_C3	RF_not_appl_not_appl_C3
B1006	ACTATA	CAAGRGTTHGATYMTGGCTCAG	Rumen fluid	r1_i12	2019-14-1006	8/21/2019	RF d0-mixed-Run1	Rumen fluid from day 0 (start)	From cow 1-3 and mixed with buffer Run 1	SeqRun_1	RF	rstc_Run1	d0	not_appl	not_appl	mixC	0	mixC_rstc_Run1	RF_d0	RF_not_appl	RF_not_appl	RF_mixC	RF_d0_not_appl	RF_d0_mixC	RF_not_appl_not_appl	RF_not_appl_mixC	RF_not_appl_mixC	RF_d0_not_appl_mixC	RF_not_appl_not_appl_mixC
B1007	ACTTAC	CAAGRGTTHGATYMTGGCTCAG	Feed residue	r1_i12	2019-14-1007	9/3/2019	Feed residue d13 (24h) Trt1-Run1-HP1	Feed residue at day 13 from 24h bag	Treatment 1 Run 1 Heat pump 1	SeqRun_1	FR	rstc_Run1	d13	d13h24	Trt1	HP1	13	HP1_rstc_Run1	FR_d13	FR_d13h24	FR_Trt1	FR_HP1	FR_d13_Trt1	FR_d13_HP1	FR_d13h24_Trt1	FR_d13h24_HP1	FR_Trt1_HP1	FR_d13_Trt1_HP1	FR_d13h24_Trt1_HP1
B1008	AGAAGC	CAAGRGTTHGATYMTGGCTCAG	Feed residue	r1_i12	2019-14-1008	9/3/2019	Feed residue d13 (48h) Trt1-Run1-HP1	Feed residue at day 13 from 48h bag	Treatment 1 Run 1 Heat pump 1	SeqRun_1	FR	rstc_Run1	d13	d13h48	Trt1	HP1	13	HP1_rstc_Run1	FR_d13	FR_d13h48	FR_Trt1	FR_HP1	FR_d13_Trt1	FR_d13_HP1	FR_d13h48_Trt1	FR_d13h48_HP1	FR_Trt1_HP1	FR_d13_Trt1_HP1	FR_d13h48_Trt1_HP1
B1009	TATCTC	CAAGRGTTHGATYMTGGCTCAG	Feed residue	r1_i12	2019-14-1009	9/3/2019	Feed residue d13 (24h) Trt1-Run1-HP2	Feed residue at day 13 from 24h bag	Treatment 1 Run 1 Heat pump 2	SeqRun_1	FR	rstc_Run1	d13	d13h24	Trt1	HP2	13	HP2_rstc_Run1	FR_d13	FR_d13h24	FR_Trt1	FR_HP2	FR_d13_Trt1	FR_d13_HP2	FR_d13h24_Trt1	FR_d13h24_HP2	FR_Trt1_HP2	FR_d13_Trt1_HP2	FR_d13h24_Trt1_HP2
B1010	TCATAA	CAAGRGTTHGATYMTGGCTCAG	Feed residue	r1_i12	2019-14-1010	9/3/2019	Feed residue d13 (48h) Trt1-Run1-HP2	Feed residue at day 13 from 48h bag	Treatment 1 Run 1 Heat pump 2	SeqRun_1	FR	rstc_Run1	d13	d13h48	Trt1	HP2	13	HP2_rstc_Run1	FR_d13	FR_d13h48	FR_Trt1	FR_HP2	FR_d13_Trt1	FR_d13_HP2	FR_d13h48_Trt1	FR_d13h48_HP2	FR_Trt1_HP2	FR_d13_Trt1_HP2	FR_d13h48_Trt1_HP2
B1011	TCCGAG	CAAGRGTTHGATYMTGGCTCAG	Feed residue	r1_i12	2019-14-1011	9/3/2019	Feed residue d13 (24h) Trt2-Run1-HP1	Feed residue at day 13 from 24h bag	Treatment 2 Run 1 Heat pump 1	SeqRun_1	FR	rstc_Run1	d13	d13h24	Trt2	HP1	13	HP1_rstc_Run1	FR_d13	FR_d13h24	FR_Trt2	FR_HP1	FR_d13_Trt2	FR_d13_HP1	FR_d13h24_Trt2	FR_d13h24_HP1	FR_Trt2_HP1	FR_d13_Trt2_HP1	FR_d13h24_Trt2_HP1
B1012	AGCATG	CAAGRGTTHGATYMTGGCTCAG	Feed residue	r1_i12	2019-14-1012	9/3/2019	Feed residue d13 (48h) Trt2-Run1-HP1	Feed residue at day 13 from 48h bag	Treatment 2 Run 1 Heat pump 1	SeqRun_1	FR	rstc_Run1	d13	d13h48	Trt2	HP1	13	HP1_rstc_Run1	FR_d13	FR_d13h48	FR_Trt2	FR_HP1	FR_d13_Trt2	FR_d13_HP1	FR_d13h48_Trt2	FR_d13h48_HP1	FR_Trt2_HP1	FR_d13_Trt2_HP1	FR_d13h48_Trt2_HP1
B1013	TCGCCG	CAAGRGTTHGATYMTGGCTCAG	Feed residue	r1_i12	2019-14-1013	9/3/2019	Feed residue d13 (24h) Trt2-Run1-HP2	Feed residue at day 13 from 24h bag	Treatment 2 Run 1 Heat pump 2	SeqRun_1	FR	rstc_Run1	d13	d13h24	Trt2	HP2	13	HP2_rstc_Run1	FR_d13	FR_d13h24	FR_Trt2	FR_HP2	FR_d13_Trt2	FR_d13_HP2	FR_d13h24_Trt2	FR_d13h24_HP2	FR_Trt2_HP2	FR_d13_Trt2_HP2	FR_d13h24_Trt2_HP2
B1014	TCTAGT	CAAGRGTTHGATYMTGGCTCAG	Feed residue	r1_i12	2019-14-1014	9/3/2019	Feed residue d13 (48h) Trt2-Run1-HP2	Feed residue at day 13 from 48h bag	Treatment 2 Run 1 Heat pump 2	SeqRun_1	FR	rstc_Run1	d13	d13h48	Trt2	HP2	13	HP2_rstc_Run1	FR_d13	FR_d13h48	FR_Trt2	FR_HP2	FR_d13_Trt2	FR_d13_HP2	FR_d13h48_Trt2	FR_d13h48_HP2	FR_Trt2_HP2	FR_d13_Trt2_HP2	FR_d13h48_Trt2_HP2
B1015	ATAGAC	CAAGRGTTHGATYMTGGCTCAG	Feed residue	r1_i12	2019-14-1015	9/3/2019	Feed residue d13 (24h) Trt3-Run1-HP1	Feed residue at day 13 from 24h bag	Treatment 3 Run 1 Heat pump 1	SeqRun_1	FR	rstc_Run1	d13	d13h24	Trt3	HP1	13	HP1_rstc_Run1	FR_d13	FR_d13h24	FR_Trt3	FR_HP1	FR_d13_Trt3	FR_d13_HP1	FR_d13h24_Trt3	FR_d13h24_HP1	FR_Trt3_HP1	FR_d13_Trt3_HP1	FR_d13h24_Trt3_HP1
B1016	ATATTG	CAAGRGTTHGATYMTGGCTCAG	Feed residue	r1_i12	2019-14-1016	9/3/2019	Feed residue d13 (48h) Trt3-Run1-HP1	Feed residue at day 13 from 48h bag	Treatment 3 Run 1 Heat pump 1	SeqRun_1	FR	rstc_Run1	d13	d13h48	Trt3	HP1	13	HP1_rstc_Run1	FR_d13	FR_d13h48	FR_Trt3	FR_HP1	FR_d13_Trt3	FR_d13_HP1	FR_d13h48_Trt3	FR_d13h48_HP1	FR_Trt3_HP1	FR_d13_Trt3_HP1	FR_d13h48_Trt3_HP1
B1017	TCTGCC	CAAGRGTTHGATYMTGGCTCAG	Feed residue	r1_i12	2019-14-1017	9/3/2019	Feed residue d13 (24h) Trt3-Run1-HP2	Feed residue at day 13 from 24h bag	Treatment 3 Run 1 Heat pump 2	SeqRun_1	FR	rstc_Run1	d13	d13h24	Trt3	HP2	13	HP2_rstc_Run1	FR_d13	FR_d13h24	FR_Trt3	FR_HP2	FR_d13_Trt3	FR_d13_HP2	FR_d13h24_Trt3	FR_d13h24_HP2	FR_Trt3_HP2	FR_d13_Trt3_HP2	FR_d13h24_Trt3_HP2
B1018	CAGCAA	CAAGRGTTHGATYMTGGCTCAG	Feed residue	r1_i12	2019-14-1018	9/3/2019	Feed residue d13 (48h) Trt3-Run1-HP2	Feed residue at day 13 from 48h bag	Treatment 3 Run 1 Heat pump 2	SeqRun_1	FR	rstc_Run1	d13	d13h48	Trt3	HP2	13	HP2_rstc_Run1	FR_d13	FR_d13h48	FR_Trt3	FR_HP2	FR_d13_Trt3	FR_d13_HP2	FR_d13h48_Trt3	FR_d13h48_HP2	FR_Trt3_HP2	FR_d13_Trt3_HP2	FR_d13h48_Trt3_HP2
B1019	TGGTCC	CAAGRGTTHGATYMTGGCTCAG	Feed residue	r1_i12	2019-14-1019	9/3/2019	Feed residue d13 (24h) Trt4-Run1-HP1	Feed residue at day 13 from 24h bag	Treatment 4 Run 1 Heat pump 1	SeqRun_1	FR	rstc_Run1	d13	d13h24	Trt4	HP1	13	HP1_rstc_Run1	FR_d13	FR_d13h24	FR_Trt4	FR_HP1	FR_d13_Trt4	FR_d13_HP1	FR_d13h24_Trt4	FR_d13h24_HP1	FR_Trt4_HP1	FR_d13_Trt4_HP1	FR_d13h24_Trt4_HP1
B1020	TTATGC	CAAGRGTTHGATYMTGGCTCAG	Feed residue	r1_i12	2019-14-1020	9/3/2019	Feed residue d13 (48h) Trt4-Run1-HP1	Feed residue at day 13 from 48h bag	Treatment 4 Run 1 Heat pump 1	SeqRun_1	FR	rstc_Run1	d13	d13h48	Trt4	HP1	13	HP1_rstc_Run1	FR_d13	FR_d13h48	FR_Trt4	FR_HP1	FR_d13_Trt4	FR_d13_HP1	FR_d13h48_Trt4	FR_d13h48_HP1	FR_Trt4_HP1	FR_d13_Trt4_HP1	FR_d13h48_Trt4_HP1
B1021	CCGCTT	CAAGRGTTHGATYMTGGCTCAG	Feed residue	r1_i12	2019-14-1021	9/3/2019	Feed residue d13 (24h) Trt4-Run1-HP2	Feed residue at day 13 from 24h bag	Treatment 4 Run 1 Heat pump 2	SeqRun_1	FR	rstc_Run1	d13	d13h24	Trt4	HP2	13	HP2_rstc_Run1	FR_d13	FR_d13h24	FR_Trt4	FR_HP2	FR_d13_Trt4	FR_d13_HP2	FR_d13h24_Trt4	FR_d13h24_HP2	FR_Trt4_HP2	FR_d13_Trt4_HP2	FR_d13h24_Trt4_HP2
B1022	CCTGAA	CAAGRGTTHGATYMTGGCTCAG	Feed residue	r1_i12	2019-14-1022	9/3/2019	Feed residue d13 (48h) Trt4-Run1-HP2	Feed residue at day 13 from 48h bag	Treatment 4 Run 1 Heat pump 2	SeqRun_1	FR	rstc_Run1	d13	d13h48	Trt4	HP2	13	HP2_rstc_Run1	FR_d13	FR_d13h48	FR_Trt4	FR_HP2	FR_d13_Trt4	FR_d13_HP2	FR_d13h48_Trt4	FR_d13h48_HP2	FR_Trt4_HP2	FR_d13_Trt4_HP2	FR_d13h48_Trt4_HP2
B1023	CGAATT	CAAGRGTTHGATYMTGGCTCAG	Feed residue	r1_i12	2019-14-1023	9/3/2019	Feed residue d13 (24h) Trt5-Run1-HP1	Feed residue at day 13 from 24h bag	Treatment 5 Run 1 Heat pump 1	SeqRun_1	FR	rstc_Run1	d13	d13h24	Trt5	HP1	13	HP1_rstc_Run1	FR_d13	FR_d13h24	FR_Trt5	FR_HP1	FR_d13_Trt5	FR_d13_HP1	FR_d13h24_Trt5	FR_d13h24_HP1	FR_Trt5_HP1	FR_d13_Trt5_HP1	FR_d13h24_Trt5_HP1
B1024	CCGTAG	CAAGRGTTHGATYMTGGCTCAG	Feed residue	r1_i12	2019-14-1024	9/3/2019	Feed residue d13 (48h) Trt5-Run1-HP1	Feed residue at day 13 from 48h bag	Treatment 5 Run 1 Heat pump 1	SeqRun_1	FR	rstc_Run1	d13	d13h48	Trt5	HP1	13	HP1_rstc_Run1	FR_d13	FR_d13h48	FR_Trt5	FR_HP1	FR_d13_Trt5	FR_d13_HP1	FR_d13h48_Trt5	FR_d13h48_HP1	FR_Trt5_HP1	FR_d13_Trt5_HP1	FR_d13h48_Trt5_HP1
B1025	CGATCA	CAAGRGTTHGATYMTGGCTCAG	Feed residue	r1_i12	2019-14-1025	9/3/2019	Feed residue d13 (24h) Trt5-Run1-HP2	Feed residue at day 13 from 24h bag	Treatment 5 Run 1 Heat pump 2	SeqRun_1	FR	rstc_Run1	d13	d13h24	Trt5	HP2	13	HP2_rstc_Run1	FR_d13	FR_d13h24	FR_Trt5	FR_HP2	FR_d13_Trt5	FR_d13_HP2	FR_d13h24_Trt5	FR_d13h24_HP2	FR_Trt5_HP2	FR_d13_Trt5_HP2	FR_d13h24_Trt5_HP2
B1026	CGCGCT	CAAGRGTTHGATYMTGGCTCAG	Feed residue	r1_i12	2019-14-1026	9/3/2019	Feed residue d13 (48h) Trt5-Run1-HP2	Feed residue at day 13 from 48h bag	Treatment 5 Run 1 Heat pump 2	SeqRun_1	FR	rstc_Run1	d13	d13h48	Trt5	HP2	13	HP2_rstc_Run1	FR_d13	FR_d13h48	FR_Trt5	FR_HP2	FR_d13_Trt5	FR_d13_HP2	FR_d13h48_Trt5	FR_d13h48_HP2	FR_Trt5_HP2	FR_d13_Trt5_HP2	FR_d13h48_Trt5_HP2
B1027	CGCAAC	CAAGRGTTHGATYMTGGCTCAG	Liquid	r1_i12	2019-14-1027	9/3/2019	SAM d13 Trt1-Run1-HP1	Liquid after SAM treatment of both bags at day 13	Treatment 1 Run 1 Heat pump 1	SeqRun_1	SAM	rstc_Run1	d13	not_appl	Trt1	HP1	13	HP1_rstc_Run1	SAM_d13	SAM_not_appl	SAM_Trt1	SAM_HP1	SAM_d13_Trt1	SAM_d13_HP1	SAM_not_appl_Trt1	SAM_not_appl_HP1	SAM_Trt1_HP1	SAM_d13_Trt1_HP1	SAM_not_appl_Trt1_HP1
B1028	CGTCAG	CAAGRGTTHGATYMTGGCTCAG	Liquid	r1_i12	2019-14-1028	9/3/2019	SAM d13 Trt1-Run1-HP2	Liquid after SAM treatment of both bags at day 13	Treatment 1 Run 1 Heat pump 2	SeqRun_1	SAM	rstc_Run1	d13	not_appl	Trt1	HP2	13	HP2_rstc_Run1	SAM_d13	SAM_not_appl	SAM_Trt1	SAM_HP2	SAM_d13_Trt1	SAM_d13_HP2	SAM_not_appl_Trt1	SAM_not_appl_HP2	SAM_Trt1_HP2	SAM_d13_Trt1_HP2	SAM_not_appl_Trt1_HP2
B1029	CTAAGA	CAAGRGTTHGATYMTGGCTCAG	Liquid	r1_i12	2019-14-1029	9/3/2019	SAM d13 Trt2-Run1-HP1	Liquid after SAM treatment of both bags at day 13	Treatment 2 Run 1 Heat pump 1	SeqRun_1	SAM	rstc_Run1	d13	not_appl	Trt2	HP1	13	HP1_rstc_Run1	SAM_d13	SAM_not_appl	SAM_Trt2	SAM_HP1	SAM_d13_Trt2	SAM_d13_HP1	SAM_not_appl_Trt2	SAM_not_appl_HP1	SAM_Trt2_HP1	SAM_d13_Trt2_HP1	SAM_not_appl_Trt2_HP1
B1030	CTCCAT	CAAGRGTTHGATYMTGGCTCAG	Liquid	r1_i12	2019-14-1030	9/3/2019	SAM d13 Trt2-Run1-HP2	Liquid after SAM treatment of both bags at day 13	Treatment 2 Run 1 Heat pump 2	SeqRun_1	SAM	rstc_Run1	d13	not_appl	Trt2	HP2	13	HP2_rstc_Run1	SAM_d13	SAM_not_appl	SAM_Trt2	SAM_HP2	SAM_d13_Trt2	SAM_d13_HP2	SAM_not_appl_Trt2	SAM_not_appl_HP2	SAM_Trt2_HP2	SAM_d13_Trt2_HP2	SAM_not_appl_Trt2_HP2
B1031	CTCGGC	CAAGRGTTHGATYMTGGCTCAG	Liquid	r1_i12	2019-14-1031	9/3/2019	SAM d13 Trt3-Run1-HP1	Liquid after SAM treatment of both bags at day 13	Treatment 3 Run 1 Heat pump 1	SeqRun_1	SAM	rstc_Run1	d13	not_appl	Trt3	HP1	13	HP1_rstc_Run1	SAM_d13	SAM_not_appl	SAM_Trt3	SAM_HP1	SAM_d13_Trt3	SAM_d13_HP1	SAM_not_appl_Trt3	SAM_not_appl_HP1	SAM_Trt3_HP1	SAM_d13_Trt3_HP1	SAM_not_appl_Trt3_HP1
B1032	CTGCGG	CAAGRGTTHGATYMTGGCTCAG	Liquid	r1_i12	2019-14-1032	9/3/2019	SAM d13 Trt3-Run1-HP2	Liquid after SAM treatment of both bags at day 13	Treatment 3 Run 1 Heat pump 2	SeqRun_1	SAM	rstc_Run1	d13	not_appl	Trt3	HP2	13	HP2_rstc_Run1	SAM_d13	SAM_not_appl	SAM_Trt3	SAM_HP2	SAM_d13_Trt3	SAM_d13_HP2	SAM_not_appl_Trt3	SAM_not_appl_HP2	SAM_Trt3_HP2	SAM_d13_Trt3_HP2	SAM_not_appl_Trt3_HP2
B1033	GACCTT	CAAGRGTTHGATYMTGGCTCAG	Liquid	r1_i12	2019-14-1033	9/3/2019	SAM d13 Trt4-Run1-HP1	Liquid after SAM treatment of both bags at day 13	Treatment 4 Run 1 Heat pump 1	SeqRun_1	SAM	rstc_Run1	d13	not_appl	Trt4	HP1	13	HP1_rstc_Run1	SAM_d13	SAM_not_appl	SAM_Trt4	SAM_HP1	SAM_d13_Trt4	SAM_d13_HP1	SAM_not_appl_Trt4	SAM_not_appl_HP1	SAM_Trt4_HP1	SAM_d13_Trt4_HP1	SAM_not_appl_Trt4_HP1
B1034	GACGAC	CAAGRGTTHGATYMTGGCTCAG	Liquid	r1_i12	2019-14-1034	9/3/2019	SAM d13 Trt4-Run1-HP2	Liquid after SAM treatment of both bags at day 13	Treatment 4 Run 1 Heat pump 2	SeqRun_1	SAM	rstc_Run1	d13	not_appl	Trt4	HP2	13	HP2_rstc_Run1	SAM_d13	SAM_not_appl	SAM_Trt4	SAM_HP2	SAM_d13_Trt4	SAM_d13_HP2	SAM_not_appl_Trt4	SAM_not_appl_HP2	SAM_Trt4_HP2	SAM_d13_Trt4_HP2	SAM_not_appl_Trt4_HP2
B1035	GATTAG	CAAGRGTTHGATYMTGGCTCAG	Liquid	r1_i12	2019-14-1035	9/3/2019	SAM d13 Trt5-Run1-HP1	Liquid after SAM treatment of both bags at day 13	Treatment 5 Run 1 Heat pump 1	SeqRun_1	SAM	rstc_Run1	d13	not_appl	Trt5	HP1	13	HP1_rstc_Run1	SAM_d13	SAM_not_appl	SAM_Trt5	SAM_HP1	SAM_d13_Trt5	SAM_d13_HP1	SAM_not_appl_Trt5	SAM_not_appl_HP1	SAM_Trt5_HP1	SAM_d13_Trt5_HP1	SAM_not_appl_Trt5_HP1
B1036	GCATCC	CAAGRGTTHGATYMTGGCTCAG	Liquid	r1_i12	2019-14-1036	9/3/2019	SAM d13 Trt5-Run1-HP2	Liquid after SAM treatment of both bags at day 13	Treatment 5 Run 1 Heat pump 2	SeqRun_1	SAM	rstc_Run1	d13	not_appl	Trt5	HP2	13	HP2_rstc_Run1	SAM_d13	SAM_not_appl	SAM_Trt5	SAM_HP2	SAM_d13_Trt5	SAM_d13_HP2	SAM_not_appl_Trt5	SAM_not_appl_HP2	SAM_Trt5_HP2	SAM_d13_Trt5_HP2	SAM_not_appl_Trt5_HP2
B1037	GCCAGC	CAAGRGTTHGATYMTGGCTCAG	Fermenter liquid	r1_i12	2019-14-1037	8/28/2019	Fermenter liquid d7 Trt1-Run1-HP1	Fermenter liquid at day 7	Treatment 1 Run 1 Heat pump 1	SeqRun_1	FL	rstc_Run1	d7	not_appl	Trt1	HP1	7	HP1_rstc_Run1	FL_d7	FL_not_appl	FL_Trt1	FL_HP1	FL_d7_Trt1	FL_d7_HP1	FL_not_appl_Trt1	FL_not_appl_HP1	FL_Trt1_HP1	FL_d7_Trt1_HP1	FL_not_appl_Trt1_HP1
B1038	GCGACT	CAAGRGTTHGATYMTGGCTCAG	Fermenter liquid	r1_i12	2019-14-1038	8/28/2019	Fermenter liquid d7 Trt1-Run1-HP2	Fermenter liquid at day 7	Treatment 1 Run 1 Heat pump 2	SeqRun_1	FL	rstc_Run1	d7	not_appl	Trt1	HP2	7	HP2_rstc_Run1	FL_d7	FL_not_appl	FL_Trt1	FL_HP2	FL_d7_Trt1	FL_d7_HP2	FL_not_appl_Trt1	FL_not_appl_HP2	FL_Trt1_HP2	FL_d7_Trt1_HP2	FL_not_appl_Trt1_HP2
B1039	GCTCAT	CAAGRGTTHGATYMTGGCTCAG	Fermenter liquid	r1_i12	2019-14-1039	8/28/2019	Fermenter liquid d7 Trt2-Run1-HP1	Fermenter liquid at day 7	Treatment 2 Run 1 Heat pump 1	SeqRun_1	FL	rstc_Run1	d7	not_appl	Trt2	HP1	7	HP1_rstc_Run1	FL_d7	FL_not_appl	FL_Trt2	FL_HP1	FL_d7_Trt2	FL_d7_HP1	FL_not_appl_Trt2	FL_not_appl_HP1	FL_Trt2_HP1	FL_d7_Trt2_HP1	FL_not_appl_Trt2_HP1
B1040	GGCCAA	CAAGRGTTHGATYMTGGCTCAG	Fermenter liquid	r1_i12	2019-14-1040	8/28/2019	Fermenter liquid d7 Trt2-Run1-HP2	Fermenter liquid at day 7	Treatment 2 Run 1 Heat pump 2	SeqRun_1	FL	rstc_Run1	d7	not_appl	Trt2	HP2	7	HP2_rstc_Run1	FL_d7	FL_not_appl	FL_Trt2	FL_HP2	FL_d7_Trt2	FL_d7_HP2	FL_not_appl_Trt2	FL_not_appl_HP2	FL_Trt2_HP2	FL_d7_Trt2_HP2	FL_not_appl_Trt2_HP2
B1041	GGCTTC	CAAGRGTTHGATYMTGGCTCAG	Fermenter liquid	r1_i12	2019-14-1041	8/28/2019	Fermenter liquid d7 Trt3-Run1-HP1	Fermenter liquid at day 7	Treatment 3 Run 1 Heat pump 1	SeqRun_1	FL	rstc_Run1	d7	not_appl	Trt3	HP1	7	HP1_rstc_Run1	FL_d7	FL_not_appl	FL_Trt3	FL_HP1	FL_d7_Trt3	FL_d7_HP1	FL_not_appl_Trt3	FL_not_appl_HP1	FL_Trt3_HP1	FL_d7_Trt3_HP1	FL_not_appl_Trt3_HP1
B1042	GGTACC	CAAGRGTTHGATYMTGGCTCAG	Fermenter liquid	r1_i12	2019-14-1042	8/28/2019	Fermenter liquid d7 Trt3-Run1-HP2	Fermenter liquid at day 7	Treatment 3 Run 1 Heat pump 2	SeqRun_1	FL	rstc_Run1	d7	not_appl	Trt3	HP2	7	HP2_rstc_Run1	FL_d7	FL_not_appl	FL_Trt3	FL_HP2	FL_d7_Trt3	FL_d7_HP2	FL_not_appl_Trt3	FL_not_appl_HP2	FL_Trt3_HP2	FL_d7_Trt3_HP2	FL_not_appl_Trt3_HP2
B1043	GTAATC	CAAGRGTTHGATYMTGGCTCAG	Fermenter liquid	r1_i12	2019-14-1043	8/28/2019	Fermenter liquid d7 Trt4-Run1-HP1	Fermenter liquid at day 7	Treatment 4 Run 1 Heat pump 1	SeqRun_1	FL	rstc_Run1	d7	not_appl	Trt4	HP1	7	HP1_rstc_Run1	FL_d7	FL_not_appl	FL_Trt4	FL_HP1	FL_d7_Trt4	FL_d7_HP1	FL_not_appl_Trt4	FL_not_appl_HP1	FL_Trt4_HP1	FL_d7_Trt4_HP1	FL_not_appl_Trt4_HP1
B1044	GTACGT	CAAGRGTTHGATYMTGGCTCAG	Fermenter liquid	r1_i12	2019-14-1044	8/28/2019	Fermenter liquid d7 Trt4-Run1-HP2	Fermenter liquid at day 7	Treatment 4 Run 1 Heat pump 2	SeqRun_1	FL	rstc_Run1	d7	not_appl	Trt4	HP2	7	HP2_rstc_Run1	FL_d7	FL_not_appl	FL_Trt4	FL_HP2	FL_d7_Trt4	FL_d7_HP2	FL_not_appl_Trt4	FL_not_appl_HP2	FL_Trt4_HP2	FL_d7_Trt4_HP2	FL_not_appl_Trt4_HP2
B1045	GTCAAG	CAAGRGTTHGATYMTGGCTCAG	Fermenter liquid	r1_i12	2019-14-1045	8/28/2019	Fermenter liquid d7 Trt5-Run1-HP1	Fermenter liquid at day 7	Treatment 5 Run 1 Heat pump 1	SeqRun_1	FL	rstc_Run1	d7	not_appl	Trt5	HP1	7	HP1_rstc_Run1	FL_d7	FL_not_appl	FL_Trt5	FL_HP1	FL_d7_Trt5	FL_d7_HP1	FL_not_appl_Trt5	FL_not_appl_HP1	FL_Trt5_HP1	FL_d7_Trt5_HP1	FL_not_appl_Trt5_HP1
B1046	GTCTCT	CAAGRGTTHGATYMTGGCTCAG	Fermenter liquid	r1_i12	2019-14-1046	8/28/2019	Fermenter liquid d7 Trt5-Run1-HP2	Fermenter liquid at day 7	Treatment 5 Run 1 Heat pump 2	SeqRun_1	FL	rstc_Run1	d7	not_appl	Trt5	HP2	7	HP2_rstc_Run1	FL_d7	FL_not_appl	FL_Trt5	FL_HP2	FL_d7_Trt5	FL_d7_HP2	FL_not_appl_Trt5	FL_not_appl_HP2	FL_Trt5_HP2	FL_d7_Trt5_HP2	FL_not_appl_Trt5_HP2
